Co Code,Batch ID,File #,Rate Code,Temp Dept,Reg Hours,O/T Hours,Hours 3 Code,Hours 3 Amount,Earnings 3 Code,Earnings 3 Amount,Memo Code,Memo Amount,Special Proc Code,Other Begin Date,Other End Date
K3W,Accrual,794428,,,,,,,,,SCK,47, ,,
K3W,Accrual,794428,,,,,,,,,ACC,0, ,,
K3W,Accrual,779374,,,,,,,,,SCK,6.52, ,,
K3W,Accrual,779374,,,,,,,,,ACC,0, ,,
K3W,Accrual,594970,,,,,,,,,SCK,48, ,,
K3W,Accrual,594970,,,,,,,,,ACC,0, ,,
K3W,Accrual,711217,,,,,,,,,SCK,13, ,,
K3W,Accrual,711217,,,,,,,,,ACC,0, ,,
K3W,Accrual,819903,,,,,,,,,SCK,7, ,,
K3W,Accrual,819903,,,,,,,,,ACC,0, ,,
K3W,Accrual,793160,,,,,,,,,SCK,38.27, ,,
K3W,Accrual,793160,,,,,,,,,ACC,0, ,,
K3W,Accrual,728930,,,,,,,,,SCK,48, ,,
K3W,Accrual,728930,,,,,,,,,ACC,0, ,,
K3W,Accrual,595144,,,,,,,,,SCK,8, ,,
K3W,Accrual,595144,,,,,,,,,ACC,0, ,,
K3W,Accrual,770802,,,,,,,,,SCK,3.58, ,,
K3W,Accrual,770802,,,,,,,,,ACC,0, ,,
K3W,Accrual,810613,,,,,,,,,SCK,4, ,,
K3W,Accrual,810613,,,,,,,,,ACC,0, ,,
K3W,Accrual,701274,,,,,,,,,SCK,48, ,,
K3W,Accrual,701274,,,,,,,,,ACC,0, ,,
K3W,Accrual,564380,,,,,,,,,SCK,0, ,,
K3W,Accrual,564380,,,,,,,,,ACC,0, ,,
K3W,Accrual,837218,,,,,,,,,SCK,5.87, ,,
K3W,Accrual,837218,,,,,,,,,ACC,0, ,,
K3W,Accrual,817302,,,,,,,,,SCK,4, ,,
K3W,Accrual,817302,,,,,,,,,ACC,0, ,,
K3W,Accrual,735749,,,,,,,,,SCK,4, ,,
K3W,Accrual,735749,,,,,,,,,ACC,0, ,,
K3W,Accrual,792831,,,,,,,,,SCK,9.67, ,,
K3W,Accrual,792831,,,,,,,,,ACC,0, ,,
K3W,Accrual,790434,,,,,,,,,SCK,8, ,,
K3W,Accrual,790434,,,,,,,,,ACC,0, ,,
K3W,Accrual,828274,,,,,,,,,SCK,16.92, ,,
K3W,Accrual,828274,,,,,,,,,ACC,0, ,,
K3W,Accrual,833826,,,,,,,,,SCK,48, ,,
K3W,Accrual,833826,,,,,,,,,ACC,0, ,,
K3W,Accrual,532040,,,,,,,,,SCK,48, ,,
K3W,Accrual,532040,,,,,,,,,ACC,0, ,,
K3W,Accrual,840824,,,,,,,,,SCK,54, ,,
K3W,Accrual,840824,,,,,,,,,ACC,0, ,,
K3W,Accrual,763854,,,,,,,,,SCK,4, ,,
K3W,Accrual,763854,,,,,,,,,ACC,0, ,,
K3W,Accrual,779718,,,,,,,,,SCK,51, ,,
K3W,Accrual,779718,,,,,,,,,ACC,0, ,,
K3W,Accrual,702148,,,,,,,,,SCK,43.78, ,,
K3W,Accrual,702148,,,,,,,,,ACC,0, ,,
K3W,Accrual,529868,,,,,,,,,SCK,48, ,,
K3W,Accrual,529868,,,,,,,,,ACC,0, ,,
K3W,Accrual,620687,,,,,,,,,SCK,11, ,,
K3W,Accrual,620687,,,,,,,,,ACC,0, ,,
K3W,Accrual,845222,,,,,,,,,SCK,4.07, ,,
K3W,Accrual,845222,,,,,,,,,ACC,0, ,,
K3W,Accrual,837365,,,,,,,,,SCK,4.98, ,,
K3W,Accrual,837365,,,,,,,,,ACC,0, ,,
K3W,Accrual,799206,,,,,,,,,SCK,31.07, ,,
K3W,Accrual,799206,,,,,,,,,ACC,0, ,,
K3W,Accrual,832237,,,,,,,,,SCK,10.77, ,,
K3W,Accrual,832237,,,,,,,,,ACC,0, ,,
K3W,Accrual,572040,,,,,,,,,SCK,20, ,,
K3W,Accrual,572040,,,,,,,,,ACC,0, ,,
K3W,Accrual,787452,,,,,,,,,SCK,8, ,,
K3W,Accrual,787452,,,,,,,,,ACC,0, ,,
K3W,Accrual,741115,,,,,,,,,SCK,2, ,,
K3W,Accrual,741115,,,,,,,,,ACC,0, ,,
K3W,Accrual,613465,,,,,,,,,SCK,48, ,,
K3W,Accrual,613465,,,,,,,,,ACC,0, ,,
K3W,Accrual,781631,,,,,,,,,SCK,4, ,,
K3W,Accrual,781631,,,,,,,,,ACC,0, ,,
K3W,Accrual,774245,,,,,,,,,SCK,41.3, ,,
K3W,Accrual,774245,,,,,,,,,ACC,0, ,,
K3W,Accrual,818183,,,,,,,,,SCK,11.2, ,,
K3W,Accrual,818183,,,,,,,,,ACC,0, ,,
K3W,Accrual,723280,,,,,,,,,SCK,9, ,,
K3W,Accrual,723280,,,,,,,,,ACC,0, ,,
K3W,Accrual,780159,,,,,,,,,SCK,42.57, ,,
K3W,Accrual,780159,,,,,,,,,ACC,0, ,,
K3W,Accrual,821783,,,,,,,,,SCK,4.17, ,,
K3W,Accrual,821783,,,,,,,,,ACC,0, ,,
K3W,Accrual,832901,,,,,,,,,SCK,14.78, ,,
K3W,Accrual,832901,,,,,,,,,ACC,0, ,,
K3W,Accrual,715178,,,,,,,,,SCK,35.5, ,,
K3W,Accrual,715178,,,,,,,,,ACC,0, ,,
K3W,Accrual,834788,,,,,,,,,SCK,8.67, ,,
K3W,Accrual,834788,,,,,,,,,ACC,0, ,,
K3W,Accrual,834080,,,,,,,,,SCK,7.1, ,,
K3W,Accrual,834080,,,,,,,,,ACC,0, ,,
K3W,Accrual,806941,,,,,,,,,SCK,15, ,,
K3W,Accrual,806941,,,,,,,,,ACC,0, ,,
K3W,Accrual,847119,,,,,,,,,SCK,2.2, ,,
K3W,Accrual,847119,,,,,,,,,ACC,0, ,,
K3W,Accrual,811379,,,,,,,,,SCK,6, ,,
K3W,Accrual,811379,,,,,,,,,ACC,0, ,,
K3W,Accrual,773320,,,,,,,,,SCK,35.42, ,,
K3W,Accrual,773320,,,,,,,,,ACC,0, ,,
K3W,Accrual,620249,,,,,,,,,SCK,48, ,,
K3W,Accrual,620249,,,,,,,,,ACC,0, ,,
K3W,Accrual,793007,,,,,,,,,SCK,19.93, ,,
K3W,Accrual,793007,,,,,,,,,ACC,0, ,,
K3W,Accrual,829837,,,,,,,,,SCK,19, ,,
K3W,Accrual,829837,,,,,,,,,ACC,0, ,,
K3W,Accrual,801380,,,,,,,,,SCK,8, ,,
K3W,Accrual,801380,,,,,,,,,ACC,0, ,,
K3W,Accrual,844076,,,,,,,,,SCK,4.45, ,,
K3W,Accrual,844076,,,,,,,,,ACC,0, ,,
K3W,Accrual,691741,,,,,,,,,SCK,4, ,,
K3W,Accrual,691741,,,,,,,,,ACC,0, ,,
K3W,Accrual,840762,,,,,,,,,SCK,7.08, ,,
K3W,Accrual,840762,,,,,,,,,ACC,0, ,,
K3W,Accrual,781007,,,,,,,,,SCK,25.75, ,,
K3W,Accrual,781007,,,,,,,,,ACC,0, ,,
K3W,Accrual,774797,,,,,,,,,SCK,13.22, ,,
K3W,Accrual,774797,,,,,,,,,ACC,0, ,,
K3W,Accrual,572772,,,,,,,,,SCK,0, ,,
K3W,Accrual,572772,,,,,,,,,ACC,0, ,,
K3W,Accrual,660259,,,,,,,,,SCK,13, ,,
K3W,Accrual,660259,,,,,,,,,ACC,0, ,,
K3W,Accrual,844814,,,,,,,,,SCK,5.02, ,,
K3W,Accrual,844814,,,,,,,,,ACC,0, ,,
K3W,Accrual,844591,,,,,,,,,SCK,48, ,,
K3W,Accrual,844591,,,,,,,,,ACC,0, ,,
K3W,Accrual,829114,,,,,,,,,SCK,10, ,,
K3W,Accrual,829114,,,,,,,,,ACC,0, ,,
K3W,Accrual,528559,,,,,,,,,SCK,12, ,,
K3W,Accrual,528559,,,,,,,,,ACC,0, ,,
K3W,Accrual,823855,,,,,,,,,SCK,16, ,,
K3W,Accrual,823855,,,,,,,,,ACC,0, ,,
K3W,Accrual,772703,,,,,,,,,SCK,51, ,,
K3W,Accrual,772703,,,,,,,,,ACC,0, ,,
K3W,Accrual,845803,,,,,,,,,SCK,2.6, ,,
K3W,Accrual,845803,,,,,,,,,ACC,0, ,,
K3W,Accrual,820317,,,,,,,,,SCK,9.78, ,,
K3W,Accrual,820317,,,,,,,,,ACC,0, ,,
K3W,Accrual,781322,,,,,,,,,SCK,11.3, ,,
K3W,Accrual,781322,,,,,,,,,ACC,0, ,,
K3W,Accrual,742901,,,,,,,,,SCK,48, ,,
K3W,Accrual,742901,,,,,,,,,ACC,0, ,,
K3W,Accrual,544883,,,,,,,,,SCK,18, ,,
K3W,Accrual,544883,,,,,,,,,ACC,0, ,,
K3W,Accrual,845199,,,,,,,,,SCK,3.42, ,,
K3W,Accrual,845199,,,,,,,,,ACC,0, ,,
K3W,Accrual,833874,,,,,,,,,SCK,2.07, ,,
K3W,Accrual,833874,,,,,,,,,ACC,0, ,,
K3W,Accrual,740983,,,,,,,,,SCK,37.88, ,,
K3W,Accrual,740983,,,,,,,,,ACC,0, ,,
K3W,Accrual,777449,,,,,,,,,SCK,8, ,,
K3W,Accrual,777449,,,,,,,,,ACC,0, ,,
K3W,Accrual,809917,,,,,,,,,SCK,12, ,,
K3W,Accrual,809917,,,,,,,,,ACC,0, ,,
K3W,Accrual,760117,,,,,,,,,SCK,16, ,,
K3W,Accrual,760117,,,,,,,,,ACC,0, ,,
K3W,Accrual,772203,,,,,,,,,SCK,48, ,,
K3W,Accrual,772203,,,,,,,,,ACC,0, ,,
K3W,Accrual,795005,,,,,,,,,SCK,8, ,,
K3W,Accrual,795005,,,,,,,,,ACC,0, ,,
K3W,Accrual,784284,,,,,,,,,SCK,3, ,,
K3W,Accrual,784284,,,,,,,,,ACC,0, ,,
K3W,Accrual,758038,,,,,,,,,SCK,1, ,,
K3W,Accrual,758038,,,,,,,,,ACC,0, ,,
K3W,Accrual,724361,,,,,,,,,SCK,8.62, ,,
K3W,Accrual,724361,,,,,,,,,ACC,0, ,,
K3W,Accrual,752337,,,,,,,,,SCK,5, ,,
K3W,Accrual,752337,,,,,,,,,ACC,0, ,,
K3W,Accrual,831916,,,,,,,,,SCK,8, ,,
K3W,Accrual,831916,,,,,,,,,ACC,0, ,,
K3W,Accrual,794818,,,,,,,,,SCK,4, ,,
K3W,Accrual,794818,,,,,,,,,ACC,0, ,,
K3W,Accrual,768492,,,,,,,,,SCK,48, ,,
K3W,Accrual,768492,,,,,,,,,ACC,0, ,,
K3W,Accrual,746130,,,,,,,,,SCK,36.32, ,,
K3W,Accrual,746130,,,,,,,,,ACC,0, ,,
K3W,Accrual,752613,,,,,,,,,SCK,43.13, ,,
K3W,Accrual,752613,,,,,,,,,ACC,0, ,,
K3W,Accrual,845206,,,,,,,,,SCK,3.88, ,,
K3W,Accrual,845206,,,,,,,,,ACC,0, ,,
K3W,Accrual,790894,,,,,,,,,SCK,8, ,,
K3W,Accrual,790894,,,,,,,,,ACC,0, ,,
K3W,Accrual,587945,,,,,,,,,SCK,46, ,,
K3W,Accrual,587945,,,,,,,,,ACC,0, ,,
K3W,Accrual,591838,,,,,,,,,SCK,9, ,,
K3W,Accrual,591838,,,,,,,,,ACC,0, ,,
K3W,Accrual,840551,,,,,,,,,SCK,48, ,,
K3W,Accrual,840551,,,,,,,,,ACC,0, ,,
K3W,Accrual,831383,,,,,,,,,SCK,19, ,,
K3W,Accrual,831383,,,,,,,,,ACC,0, ,,
K3W,Accrual,777746,,,,,,,,,SCK,16, ,,
K3W,Accrual,777746,,,,,,,,,ACC,0, ,,
K3W,Accrual,755697,,,,,,,,,SCK,22.97, ,,
K3W,Accrual,755697,,,,,,,,,ACC,0, ,,
K3W,Accrual,840412,,,,,,,,,SCK,5.05, ,,
K3W,Accrual,840412,,,,,,,,,ACC,0, ,,
K3W,Accrual,836867,,,,,,,,,SCK,8.55, ,,
K3W,Accrual,836867,,,,,,,,,ACC,0, ,,
K3W,Accrual,782926,,,,,,,,,SCK,33.25, ,,
K3W,Accrual,782926,,,,,,,,,ACC,0, ,,
K3W,Accrual,813074,,,,,,,,,SCK,7, ,,
K3W,Accrual,813074,,,,,,,,,ACC,0, ,,
K3W,Accrual,837877,,,,,,,,,SCK,6, ,,
K3W,Accrual,837877,,,,,,,,,ACC,0, ,,
K3W,Accrual,843789,,,,,,,,,SCK,5.63, ,,
K3W,Accrual,843789,,,,,,,,,ACC,0, ,,
K3W,Accrual,768452,,,,,,,,,SCK,17, ,,
K3W,Accrual,768452,,,,,,,,,ACC,0, ,,
K3W,Accrual,812795,,,,,,,,,SCK,15.6, ,,
K3W,Accrual,812795,,,,,,,,,ACC,0, ,,
K3W,Accrual,522199,,,,,,,,,SCK,24, ,,
K3W,Accrual,522199,,,,,,,,,ACC,0, ,,
K3W,Accrual,800142,,,,,,,,,SCK,12.62, ,,
K3W,Accrual,800142,,,,,,,,,ACC,0, ,,
K3W,Accrual,831780,,,,,,,,,SCK,10.25, ,,
K3W,Accrual,831780,,,,,,,,,ACC,0, ,,
K3W,Accrual,840634,,,,,,,,,SCK,2.48, ,,
K3W,Accrual,840634,,,,,,,,,ACC,0, ,,
K3W,Accrual,683701,,,,,,,,,SCK,48, ,,
K3W,Accrual,683701,,,,,,,,,ACC,0, ,,
K3W,Accrual,836491,,,,,,,,,SCK,13.9, ,,
K3W,Accrual,836491,,,,,,,,,ACC,0, ,,
K3W,Accrual,807772,,,,,,,,,SCK,54, ,,
K3W,Accrual,807772,,,,,,,,,ACC,0, ,,
K3W,Accrual,824195,,,,,,,,,SCK,6.32, ,,
K3W,Accrual,824195,,,,,,,,,ACC,0, ,,
K3W,Accrual,845800,,,,,,,,,SCK,3.4, ,,
K3W,Accrual,845800,,,,,,,,,ACC,0, ,,
K3W,Accrual,794753,,,,,,,,,SCK,10, ,,
K3W,Accrual,794753,,,,,,,,,ACC,0, ,,
K3W,Accrual,781520,,,,,,,,,SCK,41.32, ,,
K3W,Accrual,781520,,,,,,,,,ACC,0, ,,
K3W,Accrual,772749,,,,,,,,,SCK,28.63, ,,
K3W,Accrual,772749,,,,,,,,,ACC,0, ,,
K3W,Accrual,787609,,,,,,,,,SCK,48, ,,
K3W,Accrual,787609,,,,,,,,,ACC,0, ,,
K3W,Accrual,825176,,,,,,,,,SCK,14.3, ,,
K3W,Accrual,825176,,,,,,,,,ACC,0, ,,
K3W,Accrual,837050,,,,,,,,,SCK,8.8, ,,
K3W,Accrual,837050,,,,,,,,,ACC,0, ,,
K3W,Accrual,831192,,,,,,,,,SCK,6, ,,
K3W,Accrual,831192,,,,,,,,,ACC,0, ,,
K3W,Accrual,823148,,,,,,,,,SCK,45, ,,
K3W,Accrual,823148,,,,,,,,,ACC,0, ,,
K3W,Accrual,793905,,,,,,,,,SCK,4.02, ,,
K3W,Accrual,793905,,,,,,,,,ACC,0, ,,
K3W,Accrual,787242,,,,,,,,,SCK,26.68, ,,
K3W,Accrual,787242,,,,,,,,,ACC,0, ,,
K3W,Accrual,595141,,,,,,,,,SCK,19, ,,
K3W,Accrual,595141,,,,,,,,,ACC,0, ,,
K3W,Accrual,745366,,,,,,,,,SCK,23, ,,
K3W,Accrual,745366,,,,,,,,,ACC,0, ,,
K3W,Accrual,837031,,,,,,,,,SCK,3.47, ,,
K3W,Accrual,837031,,,,,,,,,ACC,0, ,,
K3W,Accrual,794351,,,,,,,,,SCK,18.33, ,,
K3W,Accrual,794351,,,,,,,,,ACC,0, ,,
K3W,Accrual,840149,,,,,,,,,SCK,5.23, ,,
K3W,Accrual,840149,,,,,,,,,ACC,0, ,,
K3W,Accrual,737108,,,,,,,,,SCK,13, ,,
K3W,Accrual,737108,,,,,,,,,ACC,0, ,,
K3W,Accrual,803123,,,,,,,,,SCK,8, ,,
K3W,Accrual,803123,,,,,,,,,ACC,0, ,,
K3W,Accrual,787351,,,,,,,,,SCK,15.5, ,,
K3W,Accrual,787351,,,,,,,,,ACC,0, ,,
K3W,Accrual,732259,,,,,,,,,SCK,40, ,,
K3W,Accrual,732259,,,,,,,,,ACC,0, ,,
K3W,Accrual,820637,,,,,,,,,SCK,4, ,,
K3W,Accrual,820637,,,,,,,,,ACC,0, ,,
K3W,Accrual,743388,,,,,,,,,SCK,48, ,,
K3W,Accrual,743388,,,,,,,,,ACC,0, ,,
K3W,Accrual,829554,,,,,,,,,SCK,12, ,,
K3W,Accrual,829554,,,,,,,,,ACC,0, ,,
K3W,Accrual,837671,,,,,,,,,SCK,8.68, ,,
K3W,Accrual,837671,,,,,,,,,ACC,0, ,,
K3W,Accrual,752515,,,,,,,,,SCK,48, ,,
K3W,Accrual,752515,,,,,,,,,ACC,0, ,,
K3W,Accrual,748275,,,,,,,,,SCK,25.9, ,,
K3W,Accrual,748275,,,,,,,,,ACC,0, ,,
K3W,Accrual,768081,,,,,,,,,SCK,44.62, ,,
K3W,Accrual,768081,,,,,,,,,ACC,0, ,,
K3W,Accrual,835402,,,,,,,,,SCK,7.03, ,,
K3W,Accrual,835402,,,,,,,,,ACC,0, ,,
K3W,Accrual,800531,,,,,,,,,SCK,32.03, ,,
K3W,Accrual,800531,,,,,,,,,ACC,0, ,,
K3W,Accrual,787478,,,,,,,,,SCK,34.28, ,,
K3W,Accrual,787478,,,,,,,,,ACC,0, ,,
K3W,Accrual,701583,,,,,,,,,SCK,32, ,,
K3W,Accrual,701583,,,,,,,,,ACC,0, ,,
K3W,Accrual,846566,,,,,,,,,SCK,1.78, ,,
K3W,Accrual,846566,,,,,,,,,ACC,0, ,,
K3W,Accrual,735201,,,,,,,,,SCK,12, ,,
K3W,Accrual,735201,,,,,,,,,ACC,0, ,,
K3W,Accrual,799750,,,,,,,,,SCK,16, ,,
K3W,Accrual,799750,,,,,,,,,ACC,0, ,,
K3W,Accrual,813952,,,,,,,,,SCK,4, ,,
K3W,Accrual,813952,,,,,,,,,ACC,0, ,,
K3W,Accrual,723289,,,,,,,,,SCK,48, ,,
K3W,Accrual,723289,,,,,,,,,ACC,0, ,,
K3W,Accrual,834941,,,,,,,,,SCK,8.85, ,,
K3W,Accrual,834941,,,,,,,,,ACC,0, ,,
K3W,Accrual,841903,,,,,,,,,SCK,3.55, ,,
K3W,Accrual,841903,,,,,,,,,ACC,0, ,,
K3W,Accrual,536634,,,,,,,,,SCK,48, ,,
K3W,Accrual,536634,,,,,,,,,ACC,0, ,,
K3W,Accrual,754231,,,,,,,,,SCK,20.67, ,,
K3W,Accrual,754231,,,,,,,,,ACC,0, ,,
K3W,Accrual,745092,,,,,,,,,SCK,16, ,,
K3W,Accrual,745092,,,,,,,,,ACC,0, ,,
K3W,Accrual,799761,,,,,,,,,SCK,8.6, ,,
K3W,Accrual,799761,,,,,,,,,ACC,0, ,,
K3W,Accrual,805486,,,,,,,,,SCK,21.47, ,,
K3W,Accrual,805486,,,,,,,,,ACC,0, ,,
K3W,Accrual,813075,,,,,,,,,SCK,15.52, ,,
K3W,Accrual,813075,,,,,,,,,ACC,0, ,,
K3W,Accrual,735884,,,,,,,,,SCK,27.25, ,,
K3W,Accrual,735884,,,,,,,,,ACC,0, ,,
K3W,Accrual,749996,,,,,,,,,SCK,13, ,,
K3W,Accrual,749996,,,,,,,,,ACC,0, ,,
K3W,Accrual,793264,,,,,,,,,SCK,17.65, ,,
K3W,Accrual,793264,,,,,,,,,ACC,0, ,,
K3W,Accrual,839847,,,,,,,,,SCK,6.33, ,,
K3W,Accrual,839847,,,,,,,,,ACC,0, ,,
K3W,Accrual,845793,,,,,,,,,SCK,3.4, ,,
K3W,Accrual,845793,,,,,,,,,ACC,0, ,,
K3W,Accrual,845484,,,,,,,,,SCK,2.57, ,,
K3W,Accrual,845484,,,,,,,,,ACC,0, ,,
K3W,Accrual,754102,,,,,,,,,SCK,48, ,,
K3W,Accrual,754102,,,,,,,,,ACC,0, ,,
K3W,Accrual,827989,,,,,,,,,SCK,13.38, ,,
K3W,Accrual,827989,,,,,,,,,ACC,0, ,,
K3W,Accrual,777971,,,,,,,,,SCK,48, ,,
K3W,Accrual,777971,,,,,,,,,ACC,0, ,,
K3W,Accrual,833748,,,,,,,,,SCK,6, ,,
K3W,Accrual,833748,,,,,,,,,ACC,0, ,,
K3W,Accrual,800542,,,,,,,,,SCK,9, ,,
K3W,Accrual,800542,,,,,,,,,ACC,0, ,,
K3W,Accrual,772266,,,,,,,,,SCK,9, ,,
K3W,Accrual,772266,,,,,,,,,ACC,0, ,,
K3W,Accrual,586416,,,,,,,,,SCK,43, ,,
K3W,Accrual,586416,,,,,,,,,ACC,0, ,,
K3W,Accrual,761033,,,,,,,,,SCK,39.82, ,,
K3W,Accrual,761033,,,,,,,,,ACC,0, ,,
K3W,Accrual,794937,,,,,,,,,SCK,7.5, ,,
K3W,Accrual,794937,,,,,,,,,ACC,0, ,,
K3W,Accrual,754517,,,,,,,,,SCK,18.02, ,,
K3W,Accrual,754517,,,,,,,,,ACC,0, ,,
K3W,Accrual,786592,,,,,,,,,SCK,19.1, ,,
K3W,Accrual,786592,,,,,,,,,ACC,0, ,,
K3W,Accrual,597390,,,,,,,,,SCK,23, ,,
K3W,Accrual,597390,,,,,,,,,ACC,0, ,,
K3W,Accrual,788459,,,,,,,,,SCK,32, ,,
K3W,Accrual,788459,,,,,,,,,ACC,0, ,,
K3W,Accrual,754486,,,,,,,,,SCK,22, ,,
K3W,Accrual,754486,,,,,,,,,ACC,0, ,,
K3W,Accrual,816899,,,,,,,,,SCK,24.13, ,,
K3W,Accrual,816899,,,,,,,,,ACC,0, ,,
K3W,Accrual,830632,,,,,,,,,SCK,15.07, ,,
K3W,Accrual,830632,,,,,,,,,ACC,0, ,,
K3W,Accrual,524529,,,,,,,,,SCK,54, ,,
K3W,Accrual,524529,,,,,,,,,ACC,0, ,,
K3W,Accrual,844374,,,,,,,,,SCK,48, ,,
K3W,Accrual,844374,,,,,,,,,ACC,0, ,,
K3W,Accrual,834955,,,,,,,,,SCK,54, ,,
K3W,Accrual,834955,,,,,,,,,ACC,0, ,,
K3W,Accrual,838248,,,,,,,,,SCK,7.63, ,,
K3W,Accrual,838248,,,,,,,,,ACC,0, ,,
K3W,Accrual,561486,,,,,,,,,SCK,48, ,,
K3W,Accrual,561486,,,,,,,,,ACC,0, ,,
K3W,Accrual,526476,,,,,,,,,SCK,50, ,,
K3W,Accrual,526476,,,,,,,,,ACC,0, ,,
K3W,Accrual,834520,,,,,,,,,SCK,6.45, ,,
K3W,Accrual,834520,,,,,,,,,ACC,0, ,,
K3W,Accrual,806450,,,,,,,,,SCK,16, ,,
K3W,Accrual,806450,,,,,,,,,ACC,0, ,,
K3W,Accrual,729051,,,,,,,,,SCK,10, ,,
K3W,Accrual,729051,,,,,,,,,ACC,0, ,,
K3W,Accrual,836870,,,,,,,,,SCK,13.37, ,,
K3W,Accrual,836870,,,,,,,,,ACC,0, ,,
K3W,Accrual,706812,,,,,,,,,SCK,48, ,,
K3W,Accrual,706812,,,,,,,,,ACC,0, ,,
K3W,Accrual,799745,,,,,,,,,SCK,8, ,,
K3W,Accrual,799745,,,,,,,,,ACC,0, ,,
K3W,Accrual,743116,,,,,,,,,SCK,19, ,,
K3W,Accrual,743116,,,,,,,,,ACC,0, ,,
K3W,Accrual,777335,,,,,,,,,SCK,6, ,,
K3W,Accrual,777335,,,,,,,,,ACC,0, ,,
K3W,Accrual,839879,,,,,,,,,SCK,6.45, ,,
K3W,Accrual,839879,,,,,,,,,ACC,0, ,,
K3W,Accrual,838615,,,,,,,,,SCK,5.55, ,,
K3W,Accrual,838615,,,,,,,,,ACC,0, ,,
K3W,Accrual,790060,,,,,,,,,SCK,25.42, ,,
K3W,Accrual,790060,,,,,,,,,ACC,0, ,,
K3W,Accrual,777625,,,,,,,,,SCK,12.65, ,,
K3W,Accrual,777625,,,,,,,,,ACC,0, ,,
K3W,Accrual,824619,,,,,,,,,SCK,19.83, ,,
K3W,Accrual,824619,,,,,,,,,ACC,0, ,,
K3W,Accrual,782307,,,,,,,,,SCK,4, ,,
K3W,Accrual,782307,,,,,,,,,ACC,0, ,,
K3W,Accrual,767012,,,,,,,,,SCK,12, ,,
K3W,Accrual,767012,,,,,,,,,ACC,0, ,,
K3W,Accrual,584836,,,,,,,,,SCK,48, ,,
K3W,Accrual,584836,,,,,,,,,ACC,0, ,,
K3W,Accrual,833678,,,,,,,,,SCK,5.2, ,,
K3W,Accrual,833678,,,,,,,,,ACC,0, ,,
K3W,Accrual,834789,,,,,,,,,SCK,8.2, ,,
K3W,Accrual,834789,,,,,,,,,ACC,0, ,,
K3W,Accrual,805514,,,,,,,,,SCK,24.75, ,,
K3W,Accrual,805514,,,,,,,,,ACC,0, ,,
K3W,Accrual,710060,,,,,,,,,SCK,12, ,,
K3W,Accrual,710060,,,,,,,,,ACC,0, ,,
K3W,Accrual,809557,,,,,,,,,SCK,4, ,,
K3W,Accrual,809557,,,,,,,,,ACC,0, ,,
K3W,Accrual,696740,,,,,,,,,SCK,16, ,,
K3W,Accrual,696740,,,,,,,,,ACC,0, ,,
K3W,Accrual,703607,,,,,,,,,SCK,17, ,,
K3W,Accrual,703607,,,,,,,,,ACC,0, ,,
K3W,Accrual,796894,,,,,,,,,SCK,8, ,,
K3W,Accrual,796894,,,,,,,,,ACC,0, ,,
K3W,Accrual,789056,,,,,,,,,SCK,48, ,,
K3W,Accrual,789056,,,,,,,,,ACC,0, ,,
K3W,Accrual,800499,,,,,,,,,SCK,24.97, ,,
K3W,Accrual,800499,,,,,,,,,ACC,0, ,,
K3W,Accrual,775164,,,,,,,,,SCK,21.75, ,,
K3W,Accrual,775164,,,,,,,,,ACC,0, ,,
K3W,Accrual,533337,,,,,,,,,SCK,48, ,,
K3W,Accrual,533337,,,,,,,,,ACC,0, ,,
K3W,Accrual,791100,,,,,,,,,SCK,3, ,,
K3W,Accrual,791100,,,,,,,,,ACC,0, ,,
K3W,Accrual,839384,,,,,,,,,SCK,5.98, ,,
K3W,Accrual,839384,,,,,,,,,ACC,0, ,,
K3W,Accrual,811220,,,,,,,,,SCK,8.92, ,,
K3W,Accrual,811220,,,,,,,,,ACC,0, ,,
K3W,Accrual,582095,,,,,,,,,SCK,48, ,,
K3W,Accrual,582095,,,,,,,,,ACC,0, ,,
K3W,Accrual,795006,,,,,,,,,SCK,19.62, ,,
K3W,Accrual,795006,,,,,,,,,ACC,0, ,,
K3W,Accrual,589241,,,,,,,,,SCK,7, ,,
K3W,Accrual,589241,,,,,,,,,ACC,0, ,,
K3W,Accrual,846028,,,,,,,,,SCK,2.75, ,,
K3W,Accrual,846028,,,,,,,,,ACC,0, ,,
K3W,Accrual,773507,,,,,,,,,SCK,2, ,,
K3W,Accrual,773507,,,,,,,,,ACC,0, ,,
K3W,Accrual,843663,,,,,,,,,SCK,5.17, ,,
K3W,Accrual,843663,,,,,,,,,ACC,0, ,,
K3W,Accrual,712217,,,,,,,,,SCK,47.27, ,,
K3W,Accrual,712217,,,,,,,,,ACC,0, ,,
K3W,Accrual,789546,,,,,,,,,SCK,22, ,,
K3W,Accrual,789546,,,,,,,,,ACC,0, ,,
K3W,Accrual,840669,,,,,,,,,SCK,6.02, ,,
K3W,Accrual,840669,,,,,,,,,ACC,0, ,,
K3W,Accrual,564405,,,,,,,,,SCK,4, ,,
K3W,Accrual,564405,,,,,,,,,ACC,0, ,,
K3W,Accrual,755472,,,,,,,,,SCK,47.53, ,,
K3W,Accrual,755472,,,,,,,,,ACC,0, ,,
K3W,Accrual,824256,,,,,,,,,SCK,18.57, ,,
K3W,Accrual,824256,,,,,,,,,ACC,0, ,,
K3W,Accrual,766591,,,,,,,,,SCK,3.12, ,,
K3W,Accrual,766591,,,,,,,,,ACC,0, ,,
K3W,Accrual,798793,,,,,,,,,SCK,18.68, ,,
K3W,Accrual,798793,,,,,,,,,ACC,0, ,,
K3W,Accrual,738351,,,,,,,,,SCK,22.95, ,,
K3W,Accrual,738351,,,,,,,,,ACC,0, ,,
K3W,Accrual,808467,,,,,,,,,SCK,8, ,,
K3W,Accrual,808467,,,,,,,,,ACC,0, ,,
K3W,Accrual,799042,,,,,,,,,SCK,4, ,,
K3W,Accrual,799042,,,,,,,,,ACC,0, ,,
K3W,Accrual,801750,,,,,,,,,SCK,8, ,,
K3W,Accrual,801750,,,,,,,,,ACC,0, ,,
K3W,Accrual,847113,,,,,,,,,SCK,0.97, ,,
K3W,Accrual,847113,,,,,,,,,ACC,0, ,,
K3W,Accrual,825718,,,,,,,,,SCK,48, ,,
K3W,Accrual,825718,,,,,,,,,ACC,0, ,,
K3W,Accrual,834565,,,,,,,,,SCK,19.52, ,,
K3W,Accrual,834565,,,,,,,,,ACC,0, ,,
K3W,Accrual,748676,,,,,,,,,SCK,20, ,,
K3W,Accrual,748676,,,,,,,,,ACC,0, ,,
K3W,Accrual,796849,,,,,,,,,SCK,4, ,,
K3W,Accrual,796849,,,,,,,,,ACC,0, ,,
K3W,Accrual,837880,,,,,,,,,SCK,4.27, ,,
K3W,Accrual,837880,,,,,,,,,ACC,0, ,,
K3W,Accrual,843214,,,,,,,,,SCK,6.5, ,,
K3W,Accrual,843214,,,,,,,,,ACC,0, ,,
K3W,Accrual,840183,,,,,,,,,SCK,4, ,,
K3W,Accrual,840183,,,,,,,,,ACC,0, ,,
K3W,Accrual,797404,,,,,,,,,SCK,24, ,,
K3W,Accrual,797404,,,,,,,,,ACC,0, ,,
K3W,Accrual,798736,,,,,,,,,SCK,22.08, ,,
K3W,Accrual,798736,,,,,,,,,ACC,0, ,,
K3W,Accrual,843836,,,,,,,,,SCK,2.78, ,,
K3W,Accrual,843836,,,,,,,,,ACC,0, ,,
K3W,Accrual,845229,,,,,,,,,SCK,3.43, ,,
K3W,Accrual,845229,,,,,,,,,ACC,0, ,,
K3W,Accrual,838644,,,,,,,,,SCK,54, ,,
K3W,Accrual,838644,,,,,,,,,ACC,0, ,,
K3W,Accrual,661188,,,,,,,,,SCK,8, ,,
K3W,Accrual,661188,,,,,,,,,ACC,0, ,,
K3W,Accrual,782852,,,,,,,,,SCK,12, ,,
K3W,Accrual,782852,,,,,,,,,ACC,0, ,,
K3W,Accrual,820995,,,,,,,,,SCK,27.87, ,,
K3W,Accrual,820995,,,,,,,,,ACC,0, ,,
K3W,Accrual,524369,,,,,,,,,SCK,8, ,,
K3W,Accrual,524369,,,,,,,,,ACC,0, ,,
K3W,Accrual,837535,,,,,,,,,SCK,4.17, ,,
K3W,Accrual,837535,,,,,,,,,ACC,0, ,,
K3W,Accrual,834185,,,,,,,,,SCK,48, ,,
K3W,Accrual,834185,,,,,,,,,ACC,0, ,,
K3W,Accrual,804401,,,,,,,,,SCK,25.93, ,,
K3W,Accrual,804401,,,,,,,,,ACC,0, ,,
K3W,Accrual,793903,,,,,,,,,SCK,12.6, ,,
K3W,Accrual,793903,,,,,,,,,ACC,0, ,,
K3W,Accrual,767753,,,,,,,,,SCK,24, ,,
K3W,Accrual,767753,,,,,,,,,ACC,0, ,,
K3W,Accrual,845794,,,,,,,,,SCK,3.78, ,,
K3W,Accrual,845794,,,,,,,,,ACC,0, ,,
K3W,Accrual,824086,,,,,,,,,SCK,23.6, ,,
K3W,Accrual,824086,,,,,,,,,ACC,0, ,,
K3W,Accrual,809143,,,,,,,,,SCK,6, ,,
K3W,Accrual,809143,,,,,,,,,ACC,0, ,,
K3W,Accrual,845668,,,,,,,,,SCK,1.23, ,,
K3W,Accrual,845668,,,,,,,,,ACC,0, ,,
K3W,Accrual,837502,,,,,,,,,SCK,4.67, ,,
K3W,Accrual,837502,,,,,,,,,ACC,0, ,,
K3W,Accrual,523219,,,,,,,,,SCK,54, ,,
K3W,Accrual,523219,,,,,,,,,ACC,0, ,,
K3W,Accrual,824937,,,,,,,,,SCK,1.8, ,,
K3W,Accrual,824937,,,,,,,,,ACC,0, ,,
K3W,Accrual,734960,,,,,,,,,SCK,24, ,,
K3W,Accrual,734960,,,,,,,,,ACC,0, ,,
K3W,Accrual,736736,,,,,,,,,SCK,4, ,,
K3W,Accrual,736736,,,,,,,,,ACC,0, ,,
K3W,Accrual,713879,,,,,,,,,SCK,15.5, ,,
K3W,Accrual,713879,,,,,,,,,ACC,0, ,,
K3W,Accrual,791726,,,,,,,,,SCK,13.27, ,,
K3W,Accrual,791726,,,,,,,,,ACC,0, ,,
K3W,Accrual,829041,,,,,,,,,SCK,14.78, ,,
K3W,Accrual,829041,,,,,,,,,ACC,0, ,,
K3W,Accrual,718016,,,,,,,,,SCK,30, ,,
K3W,Accrual,718016,,,,,,,,,ACC,0, ,,
K3W,Accrual,800245,,,,,,,,,SCK,8, ,,
K3W,Accrual,800245,,,,,,,,,ACC,0, ,,
K3W,Accrual,845163,,,,,,,,,SCK,5.4, ,,
K3W,Accrual,845163,,,,,,,,,ACC,0, ,,
K3W,Accrual,834988,,,,,,,,,SCK,6.53, ,,
K3W,Accrual,834988,,,,,,,,,ACC,0, ,,
K3W,Accrual,811058,,,,,,,,,SCK,14.55, ,,
K3W,Accrual,811058,,,,,,,,,ACC,0, ,,
K3W,Accrual,527454,,,,,,,,,SCK,18, ,,
K3W,Accrual,527454,,,,,,,,,ACC,0, ,,
K3W,Accrual,739171,,,,,,,,,SCK,36, ,,
K3W,Accrual,739171,,,,,,,,,ACC,0, ,,
K3W,Accrual,842355,,,,,,,,,SCK,7.78, ,,
K3W,Accrual,842355,,,,,,,,,ACC,0, ,,
K3W,Accrual,836724,,,,,,,,,SCK,12.25, ,,
K3W,Accrual,836724,,,,,,,,,ACC,0, ,,
K3W,Accrual,812273,,,,,,,,,SCK,7, ,,
K3W,Accrual,812273,,,,,,,,,ACC,0, ,,
K3W,Accrual,830356,,,,,,,,,SCK,9, ,,
K3W,Accrual,830356,,,,,,,,,ACC,0, ,,
K3W,Accrual,806455,,,,,,,,,SCK,42.58, ,,
K3W,Accrual,806455,,,,,,,,,ACC,0, ,,
K3W,Accrual,795089,,,,,,,,,SCK,17.8, ,,
K3W,Accrual,795089,,,,,,,,,ACC,0, ,,
K3W,Accrual,611066,,,,,,,,,SCK,40, ,,
K3W,Accrual,611066,,,,,,,,,ACC,0, ,,
K3W,Accrual,840631,,,,,,,,,SCK,6.75, ,,
K3W,Accrual,840631,,,,,,,,,ACC,0, ,,
K3W,Accrual,822943,,,,,,,,,SCK,26.5, ,,
K3W,Accrual,822943,,,,,,,,,ACC,0, ,,
K3W,Accrual,818961,,,,,,,,,SCK,8.63, ,,
K3W,Accrual,818961,,,,,,,,,ACC,0, ,,
K3W,Accrual,786584,,,,,,,,,SCK,2, ,,
K3W,Accrual,786584,,,,,,,,,ACC,0, ,,
K3W,Accrual,751073,,,,,,,,,SCK,45.08, ,,
K3W,Accrual,751073,,,,,,,,,ACC,0, ,,
K3W,Accrual,844594,,,,,,,,,SCK,3.23, ,,
K3W,Accrual,844594,,,,,,,,,ACC,0, ,,
K3W,Accrual,837241,,,,,,,,,SCK,7.52, ,,
K3W,Accrual,837241,,,,,,,,,ACC,0, ,,
K3W,Accrual,824139,,,,,,,,,SCK,20, ,,
K3W,Accrual,824139,,,,,,,,,ACC,0, ,,
K3W,Accrual,824196,,,,,,,,,SCK,9.83, ,,
K3W,Accrual,824196,,,,,,,,,ACC,0, ,,
K3W,Accrual,823149,,,,,,,,,SCK,48, ,,
K3W,Accrual,823149,,,,,,,,,ACC,0, ,,
K3W,Accrual,802732,,,,,,,,,SCK,4, ,,
K3W,Accrual,802732,,,,,,,,,ACC,0, ,,
K3W,Accrual,806285,,,,,,,,,SCK,25.95, ,,
K3W,Accrual,806285,,,,,,,,,ACC,0, ,,
K3W,Accrual,553576,,,,,,,,,SCK,48, ,,
K3W,Accrual,553576,,,,,,,,,ACC,0, ,,
K3W,Accrual,824445,,,,,,,,,SCK,19.9, ,,
K3W,Accrual,824445,,,,,,,,,ACC,0, ,,
K3W,Accrual,827431,,,,,,,,,SCK,48, ,,
K3W,Accrual,827431,,,,,,,,,ACC,0, ,,
K3W,Accrual,708263,,,,,,,,,SCK,12.48, ,,
K3W,Accrual,708263,,,,,,,,,ACC,0, ,,
K3W,Accrual,782123,,,,,,,,,SCK,28.35, ,,
K3W,Accrual,782123,,,,,,,,,ACC,0, ,,
K3W,Accrual,833887,,,,,,,,,SCK,5.77, ,,
K3W,Accrual,833887,,,,,,,,,ACC,0, ,,
K3W,Accrual,835947,,,,,,,,,SCK,8, ,,
K3W,Accrual,835947,,,,,,,,,ACC,0, ,,
K3W,Accrual,757214,,,,,,,,,SCK,5, ,,
K3W,Accrual,757214,,,,,,,,,ACC,0, ,,
K3W,Accrual,819178,,,,,,,,,SCK,21.7, ,,
K3W,Accrual,819178,,,,,,,,,ACC,0, ,,
K3W,Accrual,830620,,,,,,,,,SCK,10.23, ,,
K3W,Accrual,830620,,,,,,,,,ACC,0, ,,
K3W,Accrual,792172,,,,,,,,,SCK,38.5, ,,
K3W,Accrual,792172,,,,,,,,,ACC,0, ,,
K3W,Accrual,765459,,,,,,,,,SCK,13, ,,
K3W,Accrual,765459,,,,,,,,,ACC,0, ,,
K3W,Accrual,832894,,,,,,,,,SCK,7.93, ,,
K3W,Accrual,832894,,,,,,,,,ACC,0, ,,
K3W,Accrual,801370,,,,,,,,,SCK,5, ,,
K3W,Accrual,801370,,,,,,,,,ACC,0, ,,
K3W,Accrual,781579,,,,,,,,,SCK,26.45, ,,
K3W,Accrual,781579,,,,,,,,,ACC,0, ,,
K3W,Accrual,816994,,,,,,,,,SCK,11, ,,
K3W,Accrual,816994,,,,,,,,,ACC,0, ,,
K3W,Accrual,576268,,,,,,,,,SCK,46, ,,
K3W,Accrual,576268,,,,,,,,,ACC,0, ,,
K3W,Accrual,400117,,,,,,,,,SCK,43, ,,
K3W,Accrual,400117,,,,,,,,,ACC,0, ,,
K3W,Accrual,824098,,,,,,,,,SCK,5, ,,
K3W,Accrual,824098,,,,,,,,,ACC,0, ,,
K3W,Accrual,803523,,,,,,,,,SCK,17.18, ,,
K3W,Accrual,803523,,,,,,,,,ACC,0, ,,
K3W,Accrual,816235,,,,,,,,,SCK,7.4, ,,
K3W,Accrual,816235,,,,,,,,,ACC,0, ,,
K3W,Accrual,823973,,,,,,,,,SCK,9.53, ,,
K3W,Accrual,823973,,,,,,,,,ACC,0, ,,
K3W,Accrual,770804,,,,,,,,,SCK,4.08, ,,
K3W,Accrual,770804,,,,,,,,,ACC,0, ,,
K3W,Accrual,795188,,,,,,,,,SCK,2, ,,
K3W,Accrual,795188,,,,,,,,,ACC,0, ,,
K3W,Accrual,755289,,,,,,,,,SCK,12, ,,
K3W,Accrual,755289,,,,,,,,,ACC,0, ,,
K3W,Accrual,698859,,,,,,,,,SCK,48, ,,
K3W,Accrual,698859,,,,,,,,,ACC,0, ,,
K3W,Accrual,846623,,,,,,,,,SCK,3.33, ,,
K3W,Accrual,846623,,,,,,,,,ACC,0, ,,
K3W,Accrual,828719,,,,,,,,,SCK,9.98, ,,
K3W,Accrual,828719,,,,,,,,,ACC,0, ,,
K3W,Accrual,801167,,,,,,,,,SCK,14.65, ,,
K3W,Accrual,801167,,,,,,,,,ACC,0, ,,
K3W,Accrual,834946,,,,,,,,,SCK,5.17, ,,
K3W,Accrual,834946,,,,,,,,,ACC,0, ,,
K3W,Accrual,705672,,,,,,,,,SCK,14.5, ,,
K3W,Accrual,705672,,,,,,,,,ACC,0, ,,
K3W,Accrual,834411,,,,,,,,,SCK,10.87, ,,
K3W,Accrual,834411,,,,,,,,,ACC,0, ,,
K3W,Accrual,785985,,,,,,,,,SCK,9.98, ,,
K3W,Accrual,785985,,,,,,,,,ACC,0, ,,
K3W,Accrual,786184,,,,,,,,,SCK,24.65, ,,
K3W,Accrual,786184,,,,,,,,,ACC,0, ,,
K3W,Accrual,747442,,,,,,,,,SCK,36, ,,
K3W,Accrual,747442,,,,,,,,,ACC,0, ,,
K3W,Accrual,834963,,,,,,,,,SCK,19.55, ,,
K3W,Accrual,834963,,,,,,,,,ACC,0, ,,
K3W,Accrual,700548,,,,,,,,,SCK,44, ,,
K3W,Accrual,700548,,,,,,,,,ACC,0, ,,
K3W,Accrual,845223,,,,,,,,,SCK,2.78, ,,
K3W,Accrual,845223,,,,,,,,,ACC,0, ,,
K3W,Accrual,782347,,,,,,,,,SCK,25.02, ,,
K3W,Accrual,782347,,,,,,,,,ACC,0, ,,
K3W,Accrual,797976,,,,,,,,,SCK,16.15, ,,
K3W,Accrual,797976,,,,,,,,,ACC,0, ,,
K3W,Accrual,734929,,,,,,,,,SCK,32, ,,
K3W,Accrual,734929,,,,,,,,,ACC,0, ,,
K3W,Accrual,838451,,,,,,,,,SCK,14.13, ,,
K3W,Accrual,838451,,,,,,,,,ACC,0, ,,
K3W,Accrual,743283,,,,,,,,,SCK,36.85, ,,
K3W,Accrual,743283,,,,,,,,,ACC,0, ,,
K3W,Accrual,824339,,,,,,,,,SCK,48, ,,
K3W,Accrual,824339,,,,,,,,,ACC,0, ,,
K3W,Accrual,531891,,,,,,,,,SCK,22, ,,
K3W,Accrual,531891,,,,,,,,,ACC,0, ,,
K3W,Accrual,570082,,,,,,,,,SCK,48, ,,
K3W,Accrual,570082,,,,,,,,,ACC,0, ,,
K3W,Accrual,781567,,,,,,,,,SCK,17.07, ,,
K3W,Accrual,781567,,,,,,,,,ACC,0, ,,
K3W,Accrual,507179,,,,,,,,,SCK,21, ,,
K3W,Accrual,507179,,,,,,,,,ACC,0, ,,
K3W,Accrual,745246,,,,,,,,,SCK,10.1, ,,
K3W,Accrual,745246,,,,,,,,,ACC,0, ,,
K3W,Accrual,555641,,,,,,,,,SCK,21, ,,
K3W,Accrual,555641,,,,,,,,,ACC,0, ,,
K3W,Accrual,744227,,,,,,,,,SCK,8, ,,
K3W,Accrual,744227,,,,,,,,,ACC,0, ,,
K3W,Accrual,845795,,,,,,,,,SCK,2.03, ,,
K3W,Accrual,845795,,,,,,,,,ACC,0, ,,
K3W,Accrual,826962,,,,,,,,,SCK,14.1, ,,
K3W,Accrual,826962,,,,,,,,,ACC,0, ,,
K3W,Accrual,208919,,,,,,,,,SCK,48, ,,
K3W,Accrual,208919,,,,,,,,,ACC,0, ,,
K3W,Accrual,779201,,,,,,,,,SCK,6.33, ,,
K3W,Accrual,779201,,,,,,,,,ACC,0, ,,
K3W,Accrual,838585,,,,,,,,,SCK,13.4, ,,
K3W,Accrual,838585,,,,,,,,,ACC,0, ,,
K3W,Accrual,798556,,,,,,,,,SCK,8, ,,
K3W,Accrual,798556,,,,,,,,,ACC,0, ,,
K3W,Accrual,845806,,,,,,,,,SCK,3.02, ,,
K3W,Accrual,845806,,,,,,,,,ACC,0, ,,
K3W,Accrual,838789,,,,,,,,,SCK,6.5, ,,
K3W,Accrual,838789,,,,,,,,,ACC,0, ,,
K3W,Accrual,724430,,,,,,,,,SCK,14.18, ,,
K3W,Accrual,724430,,,,,,,,,ACC,0, ,,
K3W,Accrual,751959,,,,,,,,,SCK,29, ,,
K3W,Accrual,751959,,,,,,,,,ACC,0, ,,
K3W,Accrual,840435,,,,,,,,,SCK,2.62, ,,
K3W,Accrual,840435,,,,,,,,,ACC,0, ,,
K3W,Accrual,835203,,,,,,,,,SCK,4, ,,
K3W,Accrual,835203,,,,,,,,,ACC,0, ,,
K3W,Accrual,816497,,,,,,,,,SCK,16.97, ,,
K3W,Accrual,816497,,,,,,,,,ACC,0, ,,
K3W,Accrual,617775,,,,,,,,,SCK,48, ,,
K3W,Accrual,617775,,,,,,,,,ACC,0, ,,
K3W,Accrual,838260,,,,,,,,,SCK,6.93, ,,
K3W,Accrual,838260,,,,,,,,,ACC,0, ,,
K3W,Accrual,831349,,,,,,,,,SCK,6, ,,
K3W,Accrual,831349,,,,,,,,,ACC,0, ,,
K3W,Accrual,841298,,,,,,,,,SCK,7.08, ,,
K3W,Accrual,841298,,,,,,,,,ACC,0, ,,
K3W,Accrual,796826,,,,,,,,,SCK,17.23, ,,
K3W,Accrual,796826,,,,,,,,,ACC,0, ,,
K3W,Accrual,701980,,,,,,,,,SCK,4, ,,
K3W,Accrual,701980,,,,,,,,,ACC,0, ,,
K3W,Accrual,523657,,,,,,,,,SCK,20, ,,
K3W,Accrual,523657,,,,,,,,,ACC,0, ,,
K3W,Accrual,844232,,,,,,,,,SCK,9.37, ,,
K3W,Accrual,844232,,,,,,,,,ACC,0, ,,
K3W,Accrual,796700,,,,,,,,,SCK,26.53, ,,
K3W,Accrual,796700,,,,,,,,,ACC,0, ,,
K3W,Accrual,756838,,,,,,,,,SCK,20, ,,
K3W,Accrual,756838,,,,,,,,,ACC,0, ,,
K3W,Accrual,793199,,,,,,,,,SCK,10, ,,
K3W,Accrual,793199,,,,,,,,,ACC,0, ,,
K3W,Accrual,835432,,,,,,,,,SCK,4.72, ,,
K3W,Accrual,835432,,,,,,,,,ACC,0, ,,
K3W,Accrual,833864,,,,,,,,,SCK,9.17, ,,
K3W,Accrual,833864,,,,,,,,,ACC,0, ,,
K3W,Accrual,716379,,,,,,,,,SCK,14, ,,
K3W,Accrual,716379,,,,,,,,,ACC,0, ,,
K3W,Accrual,831206,,,,,,,,,SCK,9, ,,
K3W,Accrual,831206,,,,,,,,,ACC,0, ,,
K3W,Accrual,786480,,,,,,,,,SCK,4, ,,
K3W,Accrual,786480,,,,,,,,,ACC,0, ,,
K3W,Accrual,701688,,,,,,,,,SCK,54, ,,
K3W,Accrual,701688,,,,,,,,,ACC,0, ,,
K3W,Accrual,706454,,,,,,,,,SCK,18, ,,
K3W,Accrual,706454,,,,,,,,,ACC,0, ,,
K3W,Accrual,732442,,,,,,,,,SCK,26.63, ,,
K3W,Accrual,732442,,,,,,,,,ACC,0, ,,
K3W,Accrual,840713,,,,,,,,,SCK,8.55, ,,
K3W,Accrual,840713,,,,,,,,,ACC,0, ,,
K3W,Accrual,833991,,,,,,,,,SCK,2.33, ,,
K3W,Accrual,833991,,,,,,,,,ACC,0, ,,
K3W,Accrual,839953,,,,,,,,,SCK,12.1, ,,
K3W,Accrual,839953,,,,,,,,,ACC,0, ,,
K3W,Accrual,824018,,,,,,,,,SCK,15, ,,
K3W,Accrual,824018,,,,,,,,,ACC,0, ,,
K3W,Accrual,750056,,,,,,,,,SCK,8, ,,
K3W,Accrual,750056,,,,,,,,,ACC,0, ,,
K3W,Accrual,748718,,,,,,,,,SCK,4, ,,
K3W,Accrual,748718,,,,,,,,,ACC,0, ,,
K3W,Accrual,776670,,,,,,,,,SCK,43, ,,
K3W,Accrual,776670,,,,,,,,,ACC,0, ,,
K3W,Accrual,846588,,,,,,,,,SCK,48, ,,
K3W,Accrual,846588,,,,,,,,,ACC,0, ,,
K3W,Accrual,785080,,,,,,,,,SCK,23.25, ,,
K3W,Accrual,785080,,,,,,,,,ACC,0, ,,
K3W,Accrual,808478,,,,,,,,,SCK,10.13, ,,
K3W,Accrual,808478,,,,,,,,,ACC,0, ,,
K3W,Accrual,781319,,,,,,,,,SCK,8, ,,
K3W,Accrual,781319,,,,,,,,,ACC,0, ,,
K3W,Accrual,574507,,,,,,,,,SCK,42, ,,
K3W,Accrual,574507,,,,,,,,,ACC,0, ,,
K3W,Accrual,838014,,,,,,,,,SCK,8.4, ,,
K3W,Accrual,838014,,,,,,,,,ACC,0, ,,
K3W,Accrual,824013,,,,,,,,,SCK,5.27, ,,
K3W,Accrual,824013,,,,,,,,,ACC,0, ,,
K3W,Accrual,700311,,,,,,,,,SCK,38, ,,
K3W,Accrual,700311,,,,,,,,,ACC,0, ,,
K3W,Accrual,800471,,,,,,,,,SCK,28.8, ,,
K3W,Accrual,800471,,,,,,,,,ACC,0, ,,
K3W,Accrual,784345,,,,,,,,,SCK,18, ,,
K3W,Accrual,784345,,,,,,,,,ACC,0, ,,
K3W,Accrual,844372,,,,,,,,,SCK,4.57, ,,
K3W,Accrual,844372,,,,,,,,,ACC,0, ,,
K3W,Accrual,826951,,,,,,,,,SCK,28, ,,
K3W,Accrual,826951,,,,,,,,,ACC,0, ,,
K3W,Accrual,847116,,,,,,,,,SCK,2.42, ,,
K3W,Accrual,847116,,,,,,,,,ACC,0, ,,
K3W,Accrual,783575,,,,,,,,,SCK,6, ,,
K3W,Accrual,783575,,,,,,,,,ACC,0, ,,
K3W,Accrual,845202,,,,,,,,,SCK,4.55, ,,
K3W,Accrual,845202,,,,,,,,,ACC,0, ,,
K3W,Accrual,834623,,,,,,,,,SCK,10.83, ,,
K3W,Accrual,834623,,,,,,,,,ACC,0, ,,
K3W,Accrual,788011,,,,,,,,,SCK,23.45, ,,
K3W,Accrual,788011,,,,,,,,,ACC,0, ,,
K3W,Accrual,533327,,,,,,,,,SCK,32, ,,
K3W,Accrual,533327,,,,,,,,,ACC,0, ,,
K3W,Accrual,552314,,,,,,,,,SCK,5, ,,
K3W,Accrual,552314,,,,,,,,,ACC,0, ,,
K3W,Accrual,844175,,,,,,,,,SCK,4.4, ,,
K3W,Accrual,844175,,,,,,,,,ACC,0, ,,
K3W,Accrual,695202,,,,,,,,,SCK,21, ,,
K3W,Accrual,695202,,,,,,,,,ACC,0, ,,
K3W,Accrual,802231,,,,,,,,,SCK,4, ,,
K3W,Accrual,802231,,,,,,,,,ACC,0, ,,
K3W,Accrual,846786,,,,,,,,,SCK,2.5, ,,
K3W,Accrual,846786,,,,,,,,,ACC,0, ,,
K3W,Accrual,715812,,,,,,,,,SCK,38.67, ,,
K3W,Accrual,715812,,,,,,,,,ACC,0, ,,
K3W,Accrual,796940,,,,,,,,,SCK,17.22, ,,
K3W,Accrual,796940,,,,,,,,,ACC,0, ,,
K3W,Accrual,708743,,,,,,,,,SCK,15, ,,
K3W,Accrual,708743,,,,,,,,,ACC,0, ,,
K3W,Accrual,845646,,,,,,,,,SCK,1.28, ,,
K3W,Accrual,845646,,,,,,,,,ACC,0, ,,
K3W,Accrual,805759,,,,,,,,,SCK,4, ,,
K3W,Accrual,805759,,,,,,,,,ACC,0, ,,
K3W,Accrual,840143,,,,,,,,,SCK,54, ,,
K3W,Accrual,840143,,,,,,,,,ACC,0, ,,
K3W,Accrual,789777,,,,,,,,,SCK,21.38, ,,
K3W,Accrual,789777,,,,,,,,,ACC,0, ,,
K3W,Accrual,838371,,,,,,,,,SCK,10.75, ,,
K3W,Accrual,838371,,,,,,,,,ACC,0, ,,
K3W,Accrual,774265,,,,,,,,,SCK,9, ,,
K3W,Accrual,774265,,,,,,,,,ACC,0, ,,
K3W,Accrual,772520,,,,,,,,,SCK,12.9, ,,
K3W,Accrual,772520,,,,,,,,,ACC,0, ,,
K3W,Accrual,840128,,,,,,,,,SCK,9.1, ,,
K3W,Accrual,840128,,,,,,,,,ACC,0, ,,
K3W,Accrual,840628,,,,,,,,,SCK,2.02, ,,
K3W,Accrual,840628,,,,,,,,,ACC,0, ,,
K3W,Accrual,840954,,,,,,,,,SCK,48, ,,
K3W,Accrual,840954,,,,,,,,,ACC,0, ,,
K3W,Accrual,821353,,,,,,,,,SCK,46.5, ,,
K3W,Accrual,821353,,,,,,,,,ACC,0, ,,
K3W,Accrual,833740,,,,,,,,,SCK,10, ,,
K3W,Accrual,833740,,,,,,,,,ACC,0, ,,
K3W,Accrual,793309,,,,,,,,,SCK,21.82, ,,
K3W,Accrual,793309,,,,,,,,,ACC,0, ,,
K3W,Accrual,777402,,,,,,,,,SCK,16, ,,
K3W,Accrual,777402,,,,,,,,,ACC,0, ,,
K3W,Accrual,808741,,,,,,,,,SCK,28.68, ,,
K3W,Accrual,808741,,,,,,,,,ACC,0, ,,
K3W,Accrual,843690,,,,,,,,,SCK,1.93, ,,
K3W,Accrual,843690,,,,,,,,,ACC,0, ,,
K3W,Accrual,798816,,,,,,,,,SCK,4, ,,
K3W,Accrual,798816,,,,,,,,,ACC,0, ,,
K3W,Accrual,845955,,,,,,,,,SCK,2.78, ,,
K3W,Accrual,845955,,,,,,,,,ACC,0, ,,
K3W,Accrual,791373,,,,,,,,,SCK,24, ,,
K3W,Accrual,791373,,,,,,,,,ACC,0, ,,
K3W,Accrual,845802,,,,,,,,,SCK,2.08, ,,
K3W,Accrual,845802,,,,,,,,,ACC,0, ,,
K3W,Accrual,845407,,,,,,,,,SCK,10.97, ,,
K3W,Accrual,845407,,,,,,,,,ACC,0, ,,
K3W,Accrual,303849,,,,,,,,,SCK,18, ,,
K3W,Accrual,303849,,,,,,,,,ACC,0, ,,
K3W,Accrual,786647,,,,,,,,,SCK,16, ,,
K3W,Accrual,786647,,,,,,,,,ACC,0, ,,
K3W,Accrual,843851,,,,,,,,,SCK,4.27, ,,
K3W,Accrual,843851,,,,,,,,,ACC,0, ,,
K3W,Accrual,833399,,,,,,,,,SCK,4, ,,
K3W,Accrual,833399,,,,,,,,,ACC,0, ,,
K3W,Accrual,603841,,,,,,,,,SCK,41.72, ,,
K3W,Accrual,603841,,,,,,,,,ACC,0, ,,
K3W,Accrual,800904,,,,,,,,,SCK,5.78, ,,
K3W,Accrual,800904,,,,,,,,,ACC,0, ,,
K3W,Accrual,706031,,,,,,,,,SCK,48, ,,
K3W,Accrual,706031,,,,,,,,,ACC,0, ,,
K3W,Accrual,784975,,,,,,,,,SCK,16, ,,
K3W,Accrual,784975,,,,,,,,,ACC,0, ,,
K3W,Accrual,840367,,,,,,,,,SCK,12.82, ,,
K3W,Accrual,840367,,,,,,,,,ACC,0, ,,
K3W,Accrual,749885,,,,,,,,,SCK,40, ,,
K3W,Accrual,749885,,,,,,,,,ACC,0, ,,
K3W,Accrual,616709,,,,,,,,,SCK,40, ,,
K3W,Accrual,616709,,,,,,,,,ACC,0, ,,
K3W,Accrual,787767,,,,,,,,,SCK,25.27, ,,
K3W,Accrual,787767,,,,,,,,,ACC,0, ,,
K3W,Accrual,794928,,,,,,,,,SCK,15.1, ,,
K3W,Accrual,794928,,,,,,,,,ACC,0, ,,
K3W,Accrual,532786,,,,,,,,,SCK,3, ,,
K3W,Accrual,532786,,,,,,,,,ACC,0, ,,
K3W,Accrual,572797,,,,,,,,,SCK,8, ,,
K3W,Accrual,572797,,,,,,,,,ACC,0, ,,
K3W,Accrual,786040,,,,,,,,,SCK,48, ,,
K3W,Accrual,786040,,,,,,,,,ACC,0, ,,
K3W,Accrual,797163,,,,,,,,,SCK,32, ,,
K3W,Accrual,797163,,,,,,,,,ACC,0, ,,
K3W,Accrual,845715,,,,,,,,,SCK,3.37, ,,
K3W,Accrual,845715,,,,,,,,,ACC,0, ,,
K3W,Accrual,840858,,,,,,,,,SCK,9.65, ,,
K3W,Accrual,840858,,,,,,,,,ACC,0, ,,
K3W,Accrual,578983,,,,,,,,,SCK,48, ,,
K3W,Accrual,578983,,,,,,,,,ACC,0, ,,
K3W,Accrual,840408,,,,,,,,,SCK,7.02, ,,
K3W,Accrual,840408,,,,,,,,,ACC,0, ,,
K3W,Accrual,841470,,,,,,,,,SCK,12.67, ,,
K3W,Accrual,841470,,,,,,,,,ACC,0, ,,
K3W,Accrual,778312,,,,,,,,,SCK,16.5, ,,
K3W,Accrual,778312,,,,,,,,,ACC,0, ,,
K3W,Accrual,805592,,,,,,,,,SCK,39, ,,
K3W,Accrual,805592,,,,,,,,,ACC,0, ,,
K3W,Accrual,799748,,,,,,,,,SCK,14, ,,
K3W,Accrual,799748,,,,,,,,,ACC,0, ,,
K3W,Accrual,833098,,,,,,,,,SCK,4, ,,
K3W,Accrual,833098,,,,,,,,,ACC,0, ,,
K3W,Accrual,732200,,,,,,,,,SCK,16.53, ,,
K3W,Accrual,732200,,,,,,,,,ACC,0, ,,
K3W,Accrual,613870,,,,,,,,,SCK,15, ,,
K3W,Accrual,613870,,,,,,,,,ACC,0, ,,
K3W,Accrual,608630,,,,,,,,,SCK,4, ,,
K3W,Accrual,608630,,,,,,,,,ACC,0, ,,
K3W,Accrual,824150,,,,,,,,,SCK,4, ,,
K3W,Accrual,824150,,,,,,,,,ACC,0, ,,
K3W,Accrual,835385,,,,,,,,,SCK,6.35, ,,
K3W,Accrual,835385,,,,,,,,,ACC,0, ,,
K3W,Accrual,746700,,,,,,,,,SCK,0, ,,
K3W,Accrual,746700,,,,,,,,,ACC,0, ,,
K3W,Accrual,824156,,,,,,,,,SCK,8, ,,
K3W,Accrual,824156,,,,,,,,,ACC,0, ,,
K3W,Accrual,770549,,,,,,,,,SCK,20, ,,
K3W,Accrual,770549,,,,,,,,,ACC,0, ,,
K3W,Accrual,560805,,,,,,,,,SCK,13, ,,
K3W,Accrual,560805,,,,,,,,,ACC,0, ,,
K3W,Accrual,673459,,,,,,,,,SCK,48, ,,
K3W,Accrual,673459,,,,,,,,,ACC,0, ,,
K3W,Accrual,794849,,,,,,,,,SCK,8, ,,
K3W,Accrual,794849,,,,,,,,,ACC,0, ,,
K3W,Accrual,803566,,,,,,,,,SCK,32.1, ,,
K3W,Accrual,803566,,,,,,,,,ACC,0, ,,
K3W,Accrual,572278,,,,,,,,,SCK,10, ,,
K3W,Accrual,572278,,,,,,,,,ACC,0, ,,
K3W,Accrual,782103,,,,,,,,,SCK,17, ,,
K3W,Accrual,782103,,,,,,,,,ACC,0, ,,
K3W,Accrual,400110,,,,,,,,,SCK,24, ,,
K3W,Accrual,400110,,,,,,,,,ACC,0, ,,
K3W,Accrual,845796,,,,,,,,,SCK,2.72, ,,
K3W,Accrual,845796,,,,,,,,,ACC,0, ,,
K3W,Accrual,608595,,,,,,,,,SCK,4, ,,
K3W,Accrual,608595,,,,,,,,,ACC,0, ,,
K3W,Accrual,843498,,,,,,,,,SCK,48, ,,
K3W,Accrual,843498,,,,,,,,,ACC,0, ,,
K3W,Accrual,792003,,,,,,,,,SCK,24, ,,
K3W,Accrual,792003,,,,,,,,,ACC,0, ,,
K3W,Accrual,713156,,,,,,,,,SCK,12, ,,
K3W,Accrual,713156,,,,,,,,,ACC,0, ,,
K3W,Accrual,801331,,,,,,,,,SCK,15, ,,
K3W,Accrual,801331,,,,,,,,,ACC,0, ,,
K3W,Accrual,846294,,,,,,,,,SCK,1.88, ,,
K3W,Accrual,846294,,,,,,,,,ACC,0, ,,
K3W,Accrual,800121,,,,,,,,,SCK,13.02, ,,
K3W,Accrual,800121,,,,,,,,,ACC,0, ,,
K3W,Accrual,739660,,,,,,,,,SCK,34.25, ,,
K3W,Accrual,739660,,,,,,,,,ACC,0, ,,
K3W,Accrual,540265,,,,,,,,,SCK,14, ,,
K3W,Accrual,540265,,,,,,,,,ACC,0, ,,
K3W,Accrual,789140,,,,,,,,,SCK,29.15, ,,
K3W,Accrual,789140,,,,,,,,,ACC,0, ,,
K3W,Accrual,734095,,,,,,,,,SCK,54, ,,
K3W,Accrual,734095,,,,,,,,,ACC,0, ,,
K3W,Accrual,740252,,,,,,,,,SCK,43.68, ,,
K3W,Accrual,740252,,,,,,,,,ACC,0, ,,
K3W,Accrual,776743,,,,,,,,,SCK,4, ,,
K3W,Accrual,776743,,,,,,,,,ACC,0, ,,
K3W,Accrual,802009,,,,,,,,,SCK,7, ,,
K3W,Accrual,802009,,,,,,,,,ACC,0, ,,
K3W,Accrual,776040,,,,,,,,,SCK,32.88, ,,
K3W,Accrual,776040,,,,,,,,,ACC,0, ,,
K3W,Accrual,765926,,,,,,,,,SCK,4, ,,
K3W,Accrual,765926,,,,,,,,,ACC,0, ,,
K3W,Accrual,706585,,,,,,,,,SCK,48, ,,
K3W,Accrual,706585,,,,,,,,,ACC,0, ,,
K3W,Accrual,844413,,,,,,,,,SCK,11.25, ,,
K3W,Accrual,844413,,,,,,,,,ACC,0, ,,
K3W,Accrual,788169,,,,,,,,,SCK,13, ,,
K3W,Accrual,788169,,,,,,,,,ACC,0, ,,
K3W,Accrual,839505,,,,,,,,,SCK,2.82, ,,
K3W,Accrual,839505,,,,,,,,,ACC,0, ,,
K3W,Accrual,825914,,,,,,,,,SCK,8.85, ,,
K3W,Accrual,825914,,,,,,,,,ACC,0, ,,
K3W,Accrual,837389,,,,,,,,,SCK,10.18, ,,
K3W,Accrual,837389,,,,,,,,,ACC,0, ,,
K3W,Accrual,846249,,,,,,,,,SCK,3.7, ,,
K3W,Accrual,846249,,,,,,,,,ACC,0, ,,
K3W,Accrual,724323,,,,,,,,,SCK,8, ,,
K3W,Accrual,724323,,,,,,,,,ACC,0, ,,
K3W,Accrual,800414,,,,,,,,,SCK,23.82, ,,
K3W,Accrual,800414,,,,,,,,,ACC,0, ,,
K3W,Accrual,704906,,,,,,,,,SCK,46.3, ,,
K3W,Accrual,704906,,,,,,,,,ACC,0, ,,
K3W,Accrual,817377,,,,,,,,,SCK,32, ,,
K3W,Accrual,817377,,,,,,,,,ACC,0, ,,
K3W,Accrual,692102,,,,,,,,,SCK,48, ,,
K3W,Accrual,692102,,,,,,,,,ACC,0, ,,
K3W,Accrual,508150,,,,,,,,,SCK,13, ,,
K3W,Accrual,508150,,,,,,,,,ACC,0, ,,
K3W,Accrual,686100,,,,,,,,,SCK,28, ,,
K3W,Accrual,686100,,,,,,,,,ACC,0, ,,
K3W,Accrual,803113,,,,,,,,,SCK,5, ,,
K3W,Accrual,803113,,,,,,,,,ACC,0, ,,
K3W,Accrual,796193,,,,,,,,,SCK,13.22, ,,
K3W,Accrual,796193,,,,,,,,,ACC,0, ,,
K3W,Accrual,773753,,,,,,,,,SCK,8, ,,
K3W,Accrual,773753,,,,,,,,,ACC,0, ,,
K3W,Accrual,845232,,,,,,,,,SCK,5.47, ,,
K3W,Accrual,845232,,,,,,,,,ACC,0, ,,
K3W,Accrual,526541,,,,,,,,,SCK,24, ,,
K3W,Accrual,526541,,,,,,,,,ACC,0, ,,
K3W,Accrual,691221,,,,,,,,,SCK,3.1, ,,
K3W,Accrual,691221,,,,,,,,,ACC,0, ,,
K3W,Accrual,790439,,,,,,,,,SCK,48, ,,
K3W,Accrual,790439,,,,,,,,,ACC,0, ,,
K3W,Accrual,791557,,,,,,,,,SCK,33.5, ,,
K3W,Accrual,791557,,,,,,,,,ACC,0, ,,
K3W,Accrual,847177,,,,,,,,,SCK,1.9, ,,
K3W,Accrual,847177,,,,,,,,,ACC,0, ,,
K3W,Accrual,713729,,,,,,,,,SCK,35, ,,
K3W,Accrual,713729,,,,,,,,,ACC,0, ,,
K3W,Accrual,807069,,,,,,,,,SCK,24.77, ,,
K3W,Accrual,807069,,,,,,,,,ACC,0, ,,
K3W,Accrual,837030,,,,,,,,,SCK,11.02, ,,
K3W,Accrual,837030,,,,,,,,,ACC,0, ,,
K3W,Accrual,798655,,,,,,,,,SCK,9, ,,
K3W,Accrual,798655,,,,,,,,,ACC,0, ,,
K3W,Accrual,776003,,,,,,,,,SCK,54, ,,
K3W,Accrual,776003,,,,,,,,,ACC,0, ,,
K3W,Accrual,749108,,,,,,,,,SCK,25.07, ,,
K3W,Accrual,749108,,,,,,,,,ACC,0, ,,
K3W,Accrual,823435,,,,,,,,,SCK,7, ,,
K3W,Accrual,823435,,,,,,,,,ACC,0, ,,
K3W,Accrual,837334,,,,,,,,,SCK,9.22, ,,
K3W,Accrual,837334,,,,,,,,,ACC,0, ,,
K3W,Accrual,838366,,,,,,,,,SCK,3.15, ,,
K3W,Accrual,838366,,,,,,,,,ACC,0, ,,
K3W,Accrual,822507,,,,,,,,,SCK,8.78, ,,
K3W,Accrual,822507,,,,,,,,,ACC,0, ,,
K3W,Accrual,744091,,,,,,,,,SCK,8, ,,
K3W,Accrual,744091,,,,,,,,,ACC,0, ,,
K3W,Accrual,743903,,,,,,,,,SCK,13, ,,
K3W,Accrual,743903,,,,,,,,,ACC,0, ,,
K3W,Accrual,817132,,,,,,,,,SCK,33.6, ,,
K3W,Accrual,817132,,,,,,,,,ACC,0, ,,
K3W,Accrual,839990,,,,,,,,,SCK,4.95, ,,
K3W,Accrual,839990,,,,,,,,,ACC,0, ,,
K3W,Accrual,799686,,,,,,,,,SCK,24.48, ,,
K3W,Accrual,799686,,,,,,,,,ACC,0, ,,
K3W,Accrual,697140,,,,,,,,,SCK,44, ,,
K3W,Accrual,697140,,,,,,,,,ACC,0, ,,
K3W,Accrual,761632,,,,,,,,,SCK,8, ,,
K3W,Accrual,761632,,,,,,,,,ACC,0, ,,
K3W,Accrual,746007,,,,,,,,,SCK,5, ,,
K3W,Accrual,746007,,,,,,,,,ACC,0, ,,
K3W,Accrual,843039,,,,,,,,,SCK,6.15, ,,
K3W,Accrual,843039,,,,,,,,,ACC,0, ,,
K3W,Accrual,740323,,,,,,,,,SCK,48, ,,
K3W,Accrual,740323,,,,,,,,,ACC,0, ,,
K3W,Accrual,842576,,,,,,,,,SCK,6.17, ,,
K3W,Accrual,842576,,,,,,,,,ACC,0, ,,
K3W,Accrual,837280,,,,,,,,,SCK,6.42, ,,
K3W,Accrual,837280,,,,,,,,,ACC,0, ,,
K3W,Accrual,748328,,,,,,,,,SCK,22, ,,
K3W,Accrual,748328,,,,,,,,,ACC,0, ,,
K3W,Accrual,782870,,,,,,,,,SCK,4, ,,
K3W,Accrual,782870,,,,,,,,,ACC,0, ,,
K3W,Accrual,826640,,,,,,,,,SCK,54, ,,
K3W,Accrual,826640,,,,,,,,,ACC,0, ,,
K3W,Accrual,755705,,,,,,,,,SCK,8, ,,
K3W,Accrual,755705,,,,,,,,,ACC,0, ,,
K3W,Accrual,783123,,,,,,,,,SCK,2, ,,
K3W,Accrual,783123,,,,,,,,,ACC,0, ,,
K3W,Accrual,741295,,,,,,,,,SCK,41, ,,
K3W,Accrual,741295,,,,,,,,,ACC,0, ,,
K3W,Accrual,837910,,,,,,,,,SCK,4.62, ,,
K3W,Accrual,837910,,,,,,,,,ACC,0, ,,
K3W,Accrual,839810,,,,,,,,,SCK,6.83, ,,
K3W,Accrual,839810,,,,,,,,,ACC,0, ,,
K3W,Accrual,846987,,,,,,,,,SCK,48, ,,
K3W,Accrual,846987,,,,,,,,,ACC,0, ,,
K3W,Accrual,695178,,,,,,,,,SCK,48, ,,
K3W,Accrual,695178,,,,,,,,,ACC,0, ,,
K3W,Accrual,778515,,,,,,,,,SCK,33, ,,
K3W,Accrual,778515,,,,,,,,,ACC,0, ,,
K3W,Accrual,829878,,,,,,,,,SCK,14.43, ,,
K3W,Accrual,829878,,,,,,,,,ACC,0, ,,
K3W,Accrual,824835,,,,,,,,,SCK,11.7, ,,
K3W,Accrual,824835,,,,,,,,,ACC,0, ,,
K3W,Accrual,840637,,,,,,,,,SCK,5.3, ,,
K3W,Accrual,840637,,,,,,,,,ACC,0, ,,
K3W,Accrual,769177,,,,,,,,,SCK,6, ,,
K3W,Accrual,769177,,,,,,,,,ACC,0, ,,
K3W,Accrual,787327,,,,,,,,,SCK,4, ,,
K3W,Accrual,787327,,,,,,,,,ACC,0, ,,
K3W,Accrual,765154,,,,,,,,,SCK,12, ,,
K3W,Accrual,765154,,,,,,,,,ACC,0, ,,
K3W,Accrual,752616,,,,,,,,,SCK,48, ,,
K3W,Accrual,752616,,,,,,,,,ACC,0, ,,
K3W,Accrual,533462,,,,,,,,,SCK,48, ,,
K3W,Accrual,533462,,,,,,,,,ACC,23, ,,
K3W,Accrual,750456,,,,,,,,,SCK,48, ,,
K3W,Accrual,750456,,,,,,,,,ACC,0, ,,
K3W,Accrual,807469,,,,,,,,,SCK,8.47, ,,
K3W,Accrual,807469,,,,,,,,,ACC,0, ,,
K3W,Accrual,807064,,,,,,,,,SCK,9.98, ,,
K3W,Accrual,807064,,,,,,,,,ACC,0, ,,
K3W,Accrual,778041,,,,,,,,,SCK,26.63, ,,
K3W,Accrual,778041,,,,,,,,,ACC,0, ,,
K3W,Accrual,816548,,,,,,,,,SCK,28.7, ,,
K3W,Accrual,816548,,,,,,,,,ACC,0, ,,
K3W,Accrual,843036,,,,,,,,,SCK,48, ,,
K3W,Accrual,843036,,,,,,,,,ACC,0, ,,
K3W,Accrual,719138,,,,,,,,,SCK,48, ,,
K3W,Accrual,719138,,,,,,,,,ACC,0, ,,
K3W,Accrual,845239,,,,,,,,,SCK,1.88, ,,
K3W,Accrual,845239,,,,,,,,,ACC,0, ,,
K3W,Accrual,803361,,,,,,,,,SCK,25.98, ,,
K3W,Accrual,803361,,,,,,,,,ACC,0, ,,
K3W,Accrual,844904,,,,,,,,,SCK,3.7, ,,
K3W,Accrual,844904,,,,,,,,,ACC,0, ,,
K3W,Accrual,777403,,,,,,,,,SCK,15.5, ,,
K3W,Accrual,777403,,,,,,,,,ACC,0, ,,
K3W,Accrual,795521,,,,,,,,,SCK,15, ,,
K3W,Accrual,795521,,,,,,,,,ACC,0, ,,
K3W,Accrual,835388,,,,,,,,,SCK,9.48, ,,
K3W,Accrual,835388,,,,,,,,,ACC,0, ,,
K3W,Accrual,804080,,,,,,,,,SCK,0, ,,
K3W,Accrual,804080,,,,,,,,,ACC,0, ,,
K3W,Accrual,785658,,,,,,,,,SCK,11.78, ,,
K3W,Accrual,785658,,,,,,,,,ACC,0, ,,
K3W,Accrual,846444,,,,,,,,,SCK,54, ,,
K3W,Accrual,846444,,,,,,,,,ACC,0, ,,
K3W,Accrual,834942,,,,,,,,,SCK,6.42, ,,
K3W,Accrual,834942,,,,,,,,,ACC,0, ,,
K3W,Accrual,830208,,,,,,,,,SCK,16.53, ,,
K3W,Accrual,830208,,,,,,,,,ACC,0, ,,
K3W,Accrual,844377,,,,,,,,,SCK,48, ,,
K3W,Accrual,844377,,,,,,,,,ACC,0, ,,
K3W,Accrual,763672,,,,,,,,,SCK,47.77, ,,
K3W,Accrual,763672,,,,,,,,,ACC,0, ,,
K3W,Accrual,811780,,,,,,,,,SCK,29, ,,
K3W,Accrual,811780,,,,,,,,,ACC,0, ,,
K3W,Accrual,824229,,,,,,,,,SCK,54, ,,
K3W,Accrual,824229,,,,,,,,,ACC,0, ,,
K3W,Accrual,749111,,,,,,,,,SCK,16, ,,
K3W,Accrual,749111,,,,,,,,,ACC,0, ,,
K3W,Accrual,845776,,,,,,,,,SCK,5.27, ,,
K3W,Accrual,845776,,,,,,,,,ACC,0, ,,
K3W,Accrual,812557,,,,,,,,,SCK,5.78, ,,
K3W,Accrual,812557,,,,,,,,,ACC,0, ,,
K3W,Accrual,840496,,,,,,,,,SCK,3.98, ,,
K3W,Accrual,840496,,,,,,,,,ACC,0, ,,
K3W,Accrual,841197,,,,,,,,,SCK,48, ,,
K3W,Accrual,841197,,,,,,,,,ACC,0, ,,
K3W,Accrual,780607,,,,,,,,,SCK,35.2, ,,
K3W,Accrual,780607,,,,,,,,,ACC,0, ,,
K3W,Accrual,796785,,,,,,,,,SCK,4, ,,
K3W,Accrual,796785,,,,,,,,,ACC,0, ,,
K3W,Accrual,781698,,,,,,,,,SCK,4, ,,
K3W,Accrual,781698,,,,,,,,,ACC,0, ,,
K3W,Accrual,756192,,,,,,,,,SCK,15, ,,
K3W,Accrual,756192,,,,,,,,,ACC,0, ,,
K3W,Accrual,570407,,,,,,,,,SCK,48, ,,
K3W,Accrual,570407,,,,,,,,,ACC,0, ,,
K3W,Accrual,835727,,,,,,,,,SCK,4.47, ,,
K3W,Accrual,835727,,,,,,,,,ACC,0, ,,
K3W,Accrual,840094,,,,,,,,,SCK,48, ,,
K3W,Accrual,840094,,,,,,,,,ACC,0, ,,
K3W,Accrual,749113,,,,,,,,,SCK,11, ,,
K3W,Accrual,749113,,,,,,,,,ACC,0, ,,
K3W,Accrual,846982,,,,,,,,,SCK,4.03, ,,
K3W,Accrual,846982,,,,,,,,,ACC,0, ,,
K3W,Accrual,510836,,,,,,,,,SCK,8, ,,
K3W,Accrual,510836,,,,,,,,,ACC,0, ,,
K3W,Accrual,835435,,,,,,,,,SCK,5, ,,
K3W,Accrual,835435,,,,,,,,,ACC,0, ,,
K3W,Accrual,805392,,,,,,,,,SCK,48, ,,
K3W,Accrual,805392,,,,,,,,,ACC,0, ,,
K3W,Accrual,536420,,,,,,,,,SCK,12, ,,
K3W,Accrual,536420,,,,,,,,,ACC,0, ,,
K3W,Accrual,788008,,,,,,,,,SCK,18.03, ,,
K3W,Accrual,788008,,,,,,,,,ACC,0, ,,
K3W,Accrual,777353,,,,,,,,,SCK,48, ,,
K3W,Accrual,777353,,,,,,,,,ACC,0, ,,
K3W,Accrual,845927,,,,,,,,,SCK,2.5, ,,
K3W,Accrual,845927,,,,,,,,,ACC,0, ,,
K3W,Accrual,746714,,,,,,,,,SCK,4, ,,
K3W,Accrual,746714,,,,,,,,,ACC,0, ,,
K3W,Accrual,523032,,,,,,,,,SCK,4, ,,
K3W,Accrual,523032,,,,,,,,,ACC,0, ,,
K3W,Accrual,834932,,,,,,,,,SCK,9.2, ,,
K3W,Accrual,834932,,,,,,,,,ACC,0, ,,
K3W,Accrual,804381,,,,,,,,,SCK,16.28, ,,
K3W,Accrual,804381,,,,,,,,,ACC,0, ,,
K3W,Accrual,784569,,,,,,,,,SCK,25, ,,
K3W,Accrual,784569,,,,,,,,,ACC,0, ,,
K3W,Accrual,695720,,,,,,,,,SCK,48, ,,
K3W,Accrual,695720,,,,,,,,,ACC,0, ,,
K3W,Accrual,843689,,,,,,,,,SCK,7.53, ,,
K3W,Accrual,843689,,,,,,,,,ACC,0, ,,
K3W,Accrual,834103,,,,,,,,,SCK,22.5, ,,
K3W,Accrual,834103,,,,,,,,,ACC,0, ,,
K3W,Accrual,812525,,,,,,,,,SCK,11.58, ,,
K3W,Accrual,812525,,,,,,,,,ACC,0, ,,
K3W,Accrual,835181,,,,,,,,,SCK,6.47, ,,
K3W,Accrual,835181,,,,,,,,,ACC,0, ,,
K3W,Accrual,707348,,,,,,,,,SCK,58.42, ,,
K3W,Accrual,707348,,,,,,,,,ACC,0, ,,
K3W,Accrual,801321,,,,,,,,,SCK,15.3, ,,
K3W,Accrual,801321,,,,,,,,,ACC,0, ,,
K3W,Accrual,777285,,,,,,,,,SCK,5, ,,
K3W,Accrual,777285,,,,,,,,,ACC,0, ,,
K3W,Accrual,655280,,,,,,,,,SCK,40, ,,
K3W,Accrual,655280,,,,,,,,,ACC,0, ,,
K3W,Accrual,828429,,,,,,,,,SCK,8, ,,
K3W,Accrual,828429,,,,,,,,,ACC,0, ,,
K3W,Accrual,790486,,,,,,,,,SCK,24.25, ,,
K3W,Accrual,790486,,,,,,,,,ACC,0, ,,
K3W,Accrual,588891,,,,,,,,,SCK,12.5, ,,
K3W,Accrual,588891,,,,,,,,,ACC,0, ,,
K3W,Accrual,838016,,,,,,,,,SCK,5.58, ,,
K3W,Accrual,838016,,,,,,,,,ACC,0, ,,
K3W,Accrual,764451,,,,,,,,,SCK,7.3, ,,
K3W,Accrual,764451,,,,,,,,,ACC,0, ,,
K3W,Accrual,562255,,,,,,,,,SCK,48, ,,
K3W,Accrual,562255,,,,,,,,,ACC,0, ,,
K3W,Accrual,648441,,,,,,,,,SCK,54, ,,
K3W,Accrual,648441,,,,,,,,,ACC,0, ,,
K3W,Accrual,729863,,,,,,,,,SCK,48, ,,
K3W,Accrual,729863,,,,,,,,,ACC,0, ,,
K3W,Accrual,846577,,,,,,,,,SCK,5.02, ,,
K3W,Accrual,846577,,,,,,,,,ACC,0, ,,
K3W,Accrual,835778,,,,,,,,,SCK,16, ,,
K3W,Accrual,835778,,,,,,,,,ACC,0, ,,
K3W,Accrual,786634,,,,,,,,,SCK,29.57, ,,
K3W,Accrual,786634,,,,,,,,,ACC,0, ,,
K3W,Accrual,845218,,,,,,,,,SCK,6.95, ,,
K3W,Accrual,845218,,,,,,,,,ACC,0, ,,
K3W,Accrual,820087,,,,,,,,,SCK,4, ,,
K3W,Accrual,820087,,,,,,,,,ACC,0, ,,
K3W,Accrual,705913,,,,,,,,,SCK,7, ,,
K3W,Accrual,705913,,,,,,,,,ACC,0, ,,
K3W,Accrual,839748,,,,,,,,,SCK,9, ,,
K3W,Accrual,839748,,,,,,,,,ACC,0, ,,
K3W,Accrual,732445,,,,,,,,,SCK,48, ,,
K3W,Accrual,732445,,,,,,,,,ACC,0, ,,
K3W,Accrual,802916,,,,,,,,,SCK,53, ,,
K3W,Accrual,802916,,,,,,,,,ACC,0, ,,
K3W,Accrual,827636,,,,,,,,,SCK,4, ,,
K3W,Accrual,827636,,,,,,,,,ACC,0, ,,
K3W,Accrual,840810,,,,,,,,,SCK,11.83, ,,
K3W,Accrual,840810,,,,,,,,,ACC,0, ,,
K3W,Accrual,840633,,,,,,,,,SCK,16.53, ,,
K3W,Accrual,840633,,,,,,,,,ACC,0, ,,
K3W,Accrual,804382,,,,,,,,,SCK,40.5, ,,
K3W,Accrual,804382,,,,,,,,,ACC,0, ,,
K3W,Accrual,748661,,,,,,,,,SCK,25, ,,
K3W,Accrual,748661,,,,,,,,,ACC,0, ,,
K3W,Accrual,734945,,,,,,,,,SCK,48, ,,
K3W,Accrual,734945,,,,,,,,,ACC,0, ,,
K3W,Accrual,788040,,,,,,,,,SCK,8, ,,
K3W,Accrual,788040,,,,,,,,,ACC,0, ,,
K3W,Accrual,728044,,,,,,,,,SCK,30, ,,
K3W,Accrual,728044,,,,,,,,,ACC,0, ,,
K3W,Accrual,837239,,,,,,,,,SCK,8, ,,
K3W,Accrual,837239,,,,,,,,,ACC,0, ,,
K3W,Accrual,833425,,,,,,,,,SCK,12, ,,
K3W,Accrual,833425,,,,,,,,,ACC,0, ,,
K3W,Accrual,816761,,,,,,,,,SCK,7.93, ,,
K3W,Accrual,816761,,,,,,,,,ACC,0, ,,
K3W,Accrual,526521,,,,,,,,,SCK,3, ,,
K3W,Accrual,526521,,,,,,,,,ACC,0, ,,
K3W,Accrual,823980,,,,,,,,,SCK,7.9, ,,
K3W,Accrual,823980,,,,,,,,,ACC,0, ,,
K3W,Accrual,540257,,,,,,,,,SCK,8, ,,
K3W,Accrual,540257,,,,,,,,,ACC,0, ,,
K3W,Accrual,823503,,,,,,,,,SCK,25, ,,
K3W,Accrual,823503,,,,,,,,,ACC,0, ,,
K3W,Accrual,798791,,,,,,,,,SCK,6, ,,
K3W,Accrual,798791,,,,,,,,,ACC,0, ,,
K3W,Accrual,548394,,,,,,,,,SCK,23, ,,
K3W,Accrual,548394,,,,,,,,,ACC,0, ,,
K3W,Accrual,715076,,,,,,,,,SCK,48, ,,
K3W,Accrual,715076,,,,,,,,,ACC,0, ,,
K3W,Accrual,836138,,,,,,,,,SCK,2.1, ,,
K3W,Accrual,836138,,,,,,,,,ACC,0, ,,
K3W,Accrual,840410,,,,,,,,,SCK,6.35, ,,
K3W,Accrual,840410,,,,,,,,,ACC,0, ,,
K3W,Accrual,757199,,,,,,,,,SCK,4, ,,
K3W,Accrual,757199,,,,,,,,,ACC,0, ,,
K3W,Accrual,843538,,,,,,,,,SCK,7.97, ,,
K3W,Accrual,843538,,,,,,,,,ACC,0, ,,
K3W,Accrual,840635,,,,,,,,,SCK,9.1, ,,
K3W,Accrual,840635,,,,,,,,,ACC,0, ,,
K3W,Accrual,772051,,,,,,,,,SCK,24, ,,
K3W,Accrual,772051,,,,,,,,,ACC,0, ,,
K3W,Accrual,795640,,,,,,,,,SCK,40, ,,
K3W,Accrual,795640,,,,,,,,,ACC,0, ,,
K3W,Accrual,841973,,,,,,,,,SCK,4.08, ,,
K3W,Accrual,841973,,,,,,,,,ACC,0, ,,
K3W,Accrual,773783,,,,,,,,,SCK,8, ,,
K3W,Accrual,773783,,,,,,,,,ACC,0, ,,
K3W,Accrual,755093,,,,,,,,,SCK,12, ,,
K3W,Accrual,755093,,,,,,,,,ACC,0, ,,
K3W,Accrual,846258,,,,,,,,,SCK,1.73, ,,
K3W,Accrual,846258,,,,,,,,,ACC,0, ,,
K3W,Accrual,762530,,,,,,,,,SCK,22, ,,
K3W,Accrual,762530,,,,,,,,,ACC,0, ,,
K3W,Accrual,803127,,,,,,,,,SCK,17.25, ,,
K3W,Accrual,803127,,,,,,,,,ACC,0, ,,
K3W,Accrual,844376,,,,,,,,,SCK,48, ,,
K3W,Accrual,844376,,,,,,,,,ACC,0, ,,
K3W,Accrual,736106,,,,,,,,,SCK,20, ,,
K3W,Accrual,736106,,,,,,,,,ACC,0, ,,
K3W,Accrual,803889,,,,,,,,,SCK,24.02, ,,
K3W,Accrual,803889,,,,,,,,,ACC,0, ,,
K3W,Accrual,804704,,,,,,,,,SCK,8, ,,
K3W,Accrual,804704,,,,,,,,,ACC,0, ,,
K3W,Accrual,536059,,,,,,,,,SCK,8, ,,
K3W,Accrual,536059,,,,,,,,,ACC,0, ,,
K3W,Accrual,775403,,,,,,,,,SCK,13, ,,
K3W,Accrual,775403,,,,,,,,,ACC,0, ,,
K3W,Accrual,840626,,,,,,,,,SCK,4.27, ,,
K3W,Accrual,840626,,,,,,,,,ACC,0, ,,
K3W,Accrual,823981,,,,,,,,,SCK,6.98, ,,
K3W,Accrual,823981,,,,,,,,,ACC,0, ,,
K3W,Accrual,836863,,,,,,,,,SCK,54, ,,
K3W,Accrual,836863,,,,,,,,,ACC,0, ,,
K3W,Accrual,802805,,,,,,,,,SCK,12, ,,
K3W,Accrual,802805,,,,,,,,,ACC,0, ,,
K3W,Accrual,763028,,,,,,,,,SCK,48, ,,
K3W,Accrual,763028,,,,,,,,,ACC,0, ,,
K3W,Accrual,745468,,,,,,,,,SCK,8, ,,
K3W,Accrual,745468,,,,,,,,,ACC,0, ,,
K3W,Accrual,522305,,,,,,,,,SCK,46, ,,
K3W,Accrual,522305,,,,,,,,,ACC,0, ,,
K3W,Accrual,568433,,,,,,,,,SCK,48, ,,
K3W,Accrual,568433,,,,,,,,,ACC,0, ,,
K3W,Accrual,824190,,,,,,,,,SCK,17.5, ,,
K3W,Accrual,824190,,,,,,,,,ACC,0, ,,
K3W,Accrual,700235,,,,,,,,,SCK,14, ,,
K3W,Accrual,700235,,,,,,,,,ACC,0, ,,
K3W,Accrual,825175,,,,,,,,,SCK,48, ,,
K3W,Accrual,825175,,,,,,,,,ACC,0, ,,
K3W,Accrual,845798,,,,,,,,,SCK,8.72, ,,
K3W,Accrual,845798,,,,,,,,,ACC,0, ,,
K3W,Accrual,846175,,,,,,,,,SCK,3.73, ,,
K3W,Accrual,846175,,,,,,,,,ACC,0, ,,
K3W,Accrual,734962,,,,,,,,,SCK,4, ,,
K3W,Accrual,734962,,,,,,,,,ACC,0, ,,
K3W,Accrual,844666,,,,,,,,,SCK,4.93, ,,
K3W,Accrual,844666,,,,,,,,,ACC,0, ,,
K3W,Accrual,706177,,,,,,,,,SCK,48, ,,
K3W,Accrual,706177,,,,,,,,,ACC,0, ,,
K3W,Accrual,760360,,,,,,,,,SCK,48, ,,
K3W,Accrual,760360,,,,,,,,,ACC,0, ,,
K3W,Accrual,548696,,,,,,,,,SCK,7, ,,
K3W,Accrual,548696,,,,,,,,,ACC,0, ,,
K3W,Accrual,810593,,,,,,,,,SCK,30.63, ,,
K3W,Accrual,810593,,,,,,,,,ACC,0, ,,
K3W,Accrual,706737,,,,,,,,,SCK,9, ,,
K3W,Accrual,706737,,,,,,,,,ACC,0, ,,
K3W,Accrual,737929,,,,,,,,,SCK,33, ,,
K3W,Accrual,737929,,,,,,,,,ACC,0, ,,
K3W,Accrual,790490,,,,,,,,,SCK,10, ,,
K3W,Accrual,790490,,,,,,,,,ACC,0, ,,
K3W,Accrual,788304,,,,,,,,,SCK,46.5, ,,
K3W,Accrual,788304,,,,,,,,,ACC,0, ,,
K3W,Accrual,730899,,,,,,,,,SCK,8, ,,
K3W,Accrual,730899,,,,,,,,,ACC,0, ,,
K3W,Accrual,812413,,,,,,,,,SCK,23.55, ,,
K3W,Accrual,812413,,,,,,,,,ACC,0, ,,
K3W,Accrual,838849,,,,,,,,,SCK,5.87, ,,
K3W,Accrual,838849,,,,,,,,,ACC,0, ,,
K3W,Accrual,774899,,,,,,,,,SCK,28.17, ,,
K3W,Accrual,774899,,,,,,,,,ACC,0, ,,
K3W,Accrual,833511,,,,,,,,,SCK,48, ,,
K3W,Accrual,833511,,,,,,,,,ACC,0, ,,
K3W,Accrual,791255,,,,,,,,,SCK,43, ,,
K3W,Accrual,791255,,,,,,,,,ACC,0, ,,
K3W,Accrual,838846,,,,,,,,,SCK,4, ,,
K3W,Accrual,838846,,,,,,,,,ACC,0, ,,
K3W,Accrual,839223,,,,,,,,,SCK,6.18, ,,
K3W,Accrual,839223,,,,,,,,,ACC,0, ,,
K3W,Accrual,755788,,,,,,,,,SCK,8, ,,
K3W,Accrual,755788,,,,,,,,,ACC,0, ,,
K3W,Accrual,840107,,,,,,,,,SCK,6.95, ,,
K3W,Accrual,840107,,,,,,,,,ACC,0, ,,
K3W,Accrual,796982,,,,,,,,,SCK,20, ,,
K3W,Accrual,796982,,,,,,,,,ACC,0, ,,
K3W,Accrual,786093,,,,,,,,,SCK,25.78, ,,
K3W,Accrual,786093,,,,,,,,,ACC,0, ,,
K3W,Accrual,833885,,,,,,,,,SCK,9.55, ,,
K3W,Accrual,833885,,,,,,,,,ACC,0, ,,
K3W,Accrual,534495,,,,,,,,,SCK,35, ,,
K3W,Accrual,534495,,,,,,,,,ACC,0, ,,
K3W,Accrual,829407,,,,,,,,,SCK,8.15, ,,
K3W,Accrual,829407,,,,,,,,,ACC,0, ,,
K3W,Accrual,790167,,,,,,,,,SCK,39, ,,
K3W,Accrual,790167,,,,,,,,,ACC,0, ,,
K3W,Accrual,823492,,,,,,,,,SCK,17.9, ,,
K3W,Accrual,823492,,,,,,,,,ACC,0, ,,
K3W,Accrual,842409,,,,,,,,,SCK,10.1, ,,
K3W,Accrual,842409,,,,,,,,,ACC,0, ,,
K3W,Accrual,835948,,,,,,,,,SCK,5.3, ,,
K3W,Accrual,835948,,,,,,,,,ACC,0, ,,
K3W,Accrual,829405,,,,,,,,,SCK,11.13, ,,
K3W,Accrual,829405,,,,,,,,,ACC,0, ,,
K3W,Accrual,829009,,,,,,,,,SCK,14.55, ,,
K3W,Accrual,829009,,,,,,,,,ACC,0, ,,
K3W,Accrual,841678,,,,,,,,,SCK,16.58, ,,
K3W,Accrual,841678,,,,,,,,,ACC,0, ,,
K3W,Accrual,769511,,,,,,,,,SCK,13.08, ,,
K3W,Accrual,769511,,,,,,,,,ACC,0, ,,
K3W,Accrual,592644,,,,,,,,,SCK,8, ,,
K3W,Accrual,592644,,,,,,,,,ACC,0, ,,
K3W,Accrual,840899,,,,,,,,,SCK,1.82, ,,
K3W,Accrual,840899,,,,,,,,,ACC,0, ,,
K3W,Accrual,836030,,,,,,,,,SCK,48, ,,
K3W,Accrual,836030,,,,,,,,,ACC,0, ,,
K3W,Accrual,734601,,,,,,,,,SCK,4, ,,
K3W,Accrual,734601,,,,,,,,,ACC,0, ,,
K3W,Accrual,834865,,,,,,,,,SCK,21, ,,
K3W,Accrual,834865,,,,,,,,,ACC,0, ,,
K3W,Accrual,800213,,,,,,,,,SCK,26.47, ,,
K3W,Accrual,800213,,,,,,,,,ACC,0, ,,
K3W,Accrual,548716,,,,,,,,,SCK,4, ,,
K3W,Accrual,548716,,,,,,,,,ACC,0, ,,
K3W,Accrual,746450,,,,,,,,,SCK,24, ,,
K3W,Accrual,746450,,,,,,,,,ACC,0, ,,
K3W,Accrual,766766,,,,,,,,,SCK,36.1, ,,
K3W,Accrual,766766,,,,,,,,,ACC,0, ,,
K3W,Accrual,750722,,,,,,,,,SCK,8, ,,
K3W,Accrual,750722,,,,,,,,,ACC,0, ,,
K3W,Accrual,827218,,,,,,,,,SCK,24.65, ,,
K3W,Accrual,827218,,,,,,,,,ACC,0, ,,
K3W,Accrual,808803,,,,,,,,,SCK,33.73, ,,
K3W,Accrual,808803,,,,,,,,,ACC,0, ,,
K3W,Accrual,702250,,,,,,,,,SCK,4, ,,
K3W,Accrual,702250,,,,,,,,,ACC,0, ,,
K3W,Accrual,829095,,,,,,,,,SCK,16.38, ,,
K3W,Accrual,829095,,,,,,,,,ACC,0, ,,
K3W,Accrual,833873,,,,,,,,,SCK,8.73, ,,
K3W,Accrual,833873,,,,,,,,,ACC,0, ,,
K3W,Accrual,519064,,,,,,,,,SCK,25, ,,
K3W,Accrual,519064,,,,,,,,,ACC,0, ,,
K3W,Accrual,741108,,,,,,,,,SCK,14.43, ,,
K3W,Accrual,741108,,,,,,,,,ACC,0, ,,
K3W,Accrual,824002,,,,,,,,,SCK,7.67, ,,
K3W,Accrual,824002,,,,,,,,,ACC,0, ,,
K3W,Accrual,842966,,,,,,,,,SCK,4.28, ,,
K3W,Accrual,842966,,,,,,,,,ACC,0, ,,
K3W,Accrual,715126,,,,,,,,,SCK,46, ,,
K3W,Accrual,715126,,,,,,,,,ACC,0, ,,
K3W,Accrual,517103,,,,,,,,,SCK,54, ,,
K3W,Accrual,517103,,,,,,,,,ACC,0, ,,
K3W,Accrual,506498,,,,,,,,,SCK,32, ,,
K3W,Accrual,506498,,,,,,,,,ACC,0, ,,
K3W,Accrual,814735,,,,,,,,,SCK,6, ,,
K3W,Accrual,814735,,,,,,,,,ACC,0, ,,
K3W,Accrual,810945,,,,,,,,,SCK,8, ,,
K3W,Accrual,810945,,,,,,,,,ACC,0, ,,
K3W,Accrual,786824,,,,,,,,,SCK,4, ,,
K3W,Accrual,786824,,,,,,,,,ACC,0, ,,
K3W,Accrual,838593,,,,,,,,,SCK,48, ,,
K3W,Accrual,838593,,,,,,,,,ACC,0, ,,
K3W,Accrual,825195,,,,,,,,,SCK,4, ,,
K3W,Accrual,825195,,,,,,,,,ACC,0, ,,
K3W,Accrual,758943,,,,,,,,,SCK,8, ,,
K3W,Accrual,758943,,,,,,,,,ACC,0, ,,
K3W,Accrual,824194,,,,,,,,,SCK,16.47, ,,
K3W,Accrual,824194,,,,,,,,,ACC,0, ,,
K3W,Accrual,841603,,,,,,,,,SCK,3.67, ,,
K3W,Accrual,841603,,,,,,,,,ACC,0, ,,
K3W,Accrual,757744,,,,,,,,,SCK,8, ,,
K3W,Accrual,757744,,,,,,,,,ACC,0, ,,
K3W,Accrual,841653,,,,,,,,,SCK,6.07, ,,
K3W,Accrual,841653,,,,,,,,,ACC,0, ,,
K3W,Accrual,834359,,,,,,,,,SCK,30, ,,
K3W,Accrual,834359,,,,,,,,,ACC,0, ,,
K3W,Accrual,798826,,,,,,,,,SCK,9.5, ,,
K3W,Accrual,798826,,,,,,,,,ACC,0, ,,
K3W,Accrual,781702,,,,,,,,,SCK,12, ,,
K3W,Accrual,781702,,,,,,,,,ACC,0, ,,
K3W,Accrual,810076,,,,,,,,,SCK,16.45, ,,
K3W,Accrual,810076,,,,,,,,,ACC,0, ,,
K3W,Accrual,733208,,,,,,,,,SCK,37, ,,
K3W,Accrual,733208,,,,,,,,,ACC,0, ,,
K3W,Accrual,777931,,,,,,,,,SCK,12, ,,
K3W,Accrual,777931,,,,,,,,,ACC,0, ,,
K3W,Accrual,744150,,,,,,,,,SCK,36.5, ,,
K3W,Accrual,744150,,,,,,,,,ACC,0, ,,
K3W,Accrual,790532,,,,,,,,,SCK,4, ,,
K3W,Accrual,790532,,,,,,,,,ACC,0, ,,
K3W,Accrual,760227,,,,,,,,,SCK,19.5, ,,
K3W,Accrual,760227,,,,,,,,,ACC,0, ,,
K3W,Accrual,845104,,,,,,,,,SCK,1.92, ,,
K3W,Accrual,845104,,,,,,,,,ACC,0, ,,
K3W,Accrual,613165,,,,,,,,,SCK,20, ,,
K3W,Accrual,613165,,,,,,,,,ACC,0, ,,
K3W,Accrual,757785,,,,,,,,,SCK,4, ,,
K3W,Accrual,757785,,,,,,,,,ACC,0, ,,
K3W,Accrual,790177,,,,,,,,,SCK,4, ,,
K3W,Accrual,790177,,,,,,,,,ACC,0, ,,
K3W,Accrual,802668,,,,,,,,,SCK,12.13, ,,
K3W,Accrual,802668,,,,,,,,,ACC,0, ,,
K3W,Accrual,840441,,,,,,,,,SCK,9.03, ,,
K3W,Accrual,840441,,,,,,,,,ACC,0, ,,
K3W,Accrual,790254,,,,,,,,,SCK,4, ,,
K3W,Accrual,790254,,,,,,,,,ACC,0, ,,
K3W,Accrual,816598,,,,,,,,,SCK,21.25, ,,
K3W,Accrual,816598,,,,,,,,,ACC,0, ,,
K3W,Accrual,525805,,,,,,,,,SCK,36, ,,
K3W,Accrual,525805,,,,,,,,,ACC,0, ,,
K3W,Accrual,540122,,,,,,,,,SCK,4.22, ,,
K3W,Accrual,540122,,,,,,,,,ACC,0, ,,
K3W,Accrual,821808,,,,,,,,,SCK,17.88, ,,
K3W,Accrual,821808,,,,,,,,,ACC,0, ,,
K3W,Accrual,823416,,,,,,,,,SCK,8, ,,
K3W,Accrual,823416,,,,,,,,,ACC,0, ,,
K3W,Accrual,736634,,,,,,,,,SCK,48, ,,
K3W,Accrual,736634,,,,,,,,,ACC,0, ,,
K3W,Accrual,794577,,,,,,,,,SCK,3, ,,
K3W,Accrual,794577,,,,,,,,,ACC,0, ,,
K3W,Accrual,826379,,,,,,,,,SCK,18.97, ,,
K3W,Accrual,826379,,,,,,,,,ACC,0, ,,
K3W,Accrual,510827,,,,,,,,,SCK,10.1, ,,
K3W,Accrual,510827,,,,,,,,,ACC,0, ,,
K3W,Accrual,846845,,,,,,,,,SCK,48, ,,
K3W,Accrual,846845,,,,,,,,,ACC,0, ,,
K3W,Accrual,752612,,,,,,,,,SCK,16, ,,
K3W,Accrual,752612,,,,,,,,,ACC,0, ,,
K3W,Accrual,300923,,,,,,,,,SCK,13, ,,
K3W,Accrual,300923,,,,,,,,,ACC,0, ,,
K3W,Accrual,800534,,,,,,,,,SCK,21.03, ,,
K3W,Accrual,800534,,,,,,,,,ACC,0, ,,
K3W,Accrual,784106,,,,,,,,,SCK,32.37, ,,
K3W,Accrual,784106,,,,,,,,,ACC,0, ,,
K3W,Accrual,738687,,,,,,,,,SCK,43, ,,
K3W,Accrual,738687,,,,,,,,,ACC,0, ,,
K3W,Accrual,799907,,,,,,,,,SCK,18.13, ,,
K3W,Accrual,799907,,,,,,,,,ACC,0, ,,
K3W,Accrual,829404,,,,,,,,,SCK,4, ,,
K3W,Accrual,829404,,,,,,,,,ACC,0, ,,
K3W,Accrual,707069,,,,,,,,,SCK,54, ,,
K3W,Accrual,707069,,,,,,,,,ACC,0, ,,
K3W,Accrual,701762,,,,,,,,,SCK,48, ,,
K3W,Accrual,701762,,,,,,,,,ACC,0, ,,
K3W,Accrual,824006,,,,,,,,,SCK,7.08, ,,
K3W,Accrual,824006,,,,,,,,,ACC,0, ,,
K3W,Accrual,703907,,,,,,,,,SCK,54, ,,
K3W,Accrual,703907,,,,,,,,,ACC,0, ,,
K3W,Accrual,830737,,,,,,,,,SCK,9.17, ,,
K3W,Accrual,830737,,,,,,,,,ACC,0, ,,
K3W,Accrual,526675,,,,,,,,,SCK,21, ,,
K3W,Accrual,526675,,,,,,,,,ACC,0, ,,
K3W,Accrual,835478,,,,,,,,,SCK,11.93, ,,
K3W,Accrual,835478,,,,,,,,,ACC,0, ,,
K3W,Accrual,729293,,,,,,,,,SCK,48, ,,
K3W,Accrual,729293,,,,,,,,,ACC,0, ,,
K3W,Accrual,843135,,,,,,,,,SCK,2.97, ,,
K3W,Accrual,843135,,,,,,,,,ACC,0, ,,
K3W,Accrual,591296,,,,,,,,,SCK,54, ,,
K3W,Accrual,591296,,,,,,,,,ACC,0, ,,
K3W,Accrual,800350,,,,,,,,,SCK,20.75, ,,
K3W,Accrual,800350,,,,,,,,,ACC,0, ,,
K3W,Accrual,739448,,,,,,,,,SCK,16, ,,
K3W,Accrual,739448,,,,,,,,,ACC,0, ,,
K3W,Accrual,519021,,,,,,,,,SCK,48, ,,
K3W,Accrual,519021,,,,,,,,,ACC,0, ,,
K3W,Accrual,751121,,,,,,,,,SCK,48, ,,
K3W,Accrual,751121,,,,,,,,,ACC,0, ,,
K3W,Accrual,833191,,,,,,,,,SCK,6.42, ,,
K3W,Accrual,833191,,,,,,,,,ACC,0, ,,
K3W,Accrual,798840,,,,,,,,,SCK,23.5, ,,
K3W,Accrual,798840,,,,,,,,,ACC,0, ,,
K3W,Accrual,810450,,,,,,,,,SCK,8, ,,
K3W,Accrual,810450,,,,,,,,,ACC,0, ,,
K3W,Accrual,749898,,,,,,,,,SCK,3, ,,
K3W,Accrual,749898,,,,,,,,,ACC,0, ,,
K3W,Accrual,844363,,,,,,,,,SCK,9.37, ,,
K3W,Accrual,844363,,,,,,,,,ACC,0, ,,
K3W,Accrual,847215,,,,,,,,,SCK,3.28, ,,
K3W,Accrual,847215,,,,,,,,,ACC,0, ,,
K3W,Accrual,533847,,,,,,,,,SCK,14, ,,
K3W,Accrual,533847,,,,,,,,,ACC,0, ,,
K3W,Accrual,840385,,,,,,,,,SCK,3.57, ,,
K3W,Accrual,840385,,,,,,,,,ACC,0, ,,
K3W,Accrual,824017,,,,,,,,,SCK,7.4, ,,
K3W,Accrual,824017,,,,,,,,,ACC,0, ,,
K3W,Accrual,751326,,,,,,,,,SCK,43, ,,
K3W,Accrual,751326,,,,,,,,,ACC,0, ,,
K3W,Accrual,742630,,,,,,,,,SCK,31, ,,
K3W,Accrual,742630,,,,,,,,,ACC,0, ,,
K3W,Accrual,796648,,,,,,,,,SCK,11, ,,
K3W,Accrual,796648,,,,,,,,,ACC,0, ,,
K3W,Accrual,704168,,,,,,,,,SCK,0, ,,
K3W,Accrual,704168,,,,,,,,,ACC,0, ,,
K3W,Accrual,800413,,,,,,,,,SCK,14, ,,
K3W,Accrual,800413,,,,,,,,,ACC,0, ,,
K3W,Accrual,764798,,,,,,,,,SCK,5, ,,
K3W,Accrual,764798,,,,,,,,,ACC,0, ,,
K3W,Accrual,504911,,,,,,,,,SCK,8, ,,
K3W,Accrual,504911,,,,,,,,,ACC,0, ,,
K3W,Accrual,743220,,,,,,,,,SCK,48, ,,
K3W,Accrual,743220,,,,,,,,,ACC,0, ,,
K3W,Accrual,839646,,,,,,,,,SCK,4.05, ,,
K3W,Accrual,839646,,,,,,,,,ACC,0, ,,
K3W,Accrual,752270,,,,,,,,,SCK,7, ,,
K3W,Accrual,752270,,,,,,,,,ACC,0, ,,
K3W,Accrual,795004,,,,,,,,,SCK,12.37, ,,
K3W,Accrual,795004,,,,,,,,,ACC,0, ,,
K3W,Accrual,832903,,,,,,,,,SCK,11.23, ,,
K3W,Accrual,832903,,,,,,,,,ACC,0, ,,
K3W,Accrual,838241,,,,,,,,,SCK,10.4, ,,
K3W,Accrual,838241,,,,,,,,,ACC,0, ,,
K3W,Accrual,799693,,,,,,,,,SCK,4, ,,
K3W,Accrual,799693,,,,,,,,,ACC,0, ,,
K3W,Accrual,841523,,,,,,,,,SCK,7.17, ,,
K3W,Accrual,841523,,,,,,,,,ACC,0, ,,
K3W,Accrual,524230,,,,,,,,,SCK,16, ,,
K3W,Accrual,524230,,,,,,,,,ACC,0, ,,
K3W,Accrual,845221,,,,,,,,,SCK,4.08, ,,
K3W,Accrual,845221,,,,,,,,,ACC,0, ,,
K3W,Accrual,753360,,,,,,,,,SCK,19.6, ,,
K3W,Accrual,753360,,,,,,,,,ACC,0, ,,
K3W,Accrual,798872,,,,,,,,,SCK,27.62, ,,
K3W,Accrual,798872,,,,,,,,,ACC,0, ,,
K3W,Accrual,533174,,,,,,,,,SCK,32.65, ,,
K3W,Accrual,533174,,,,,,,,,ACC,0, ,,
K3W,Accrual,709593,,,,,,,,,SCK,8, ,,
K3W,Accrual,709593,,,,,,,,,ACC,0, ,,
K3W,Accrual,833851,,,,,,,,,SCK,6.72, ,,
K3W,Accrual,833851,,,,,,,,,ACC,0, ,,
K3W,Accrual,843322,,,,,,,,,SCK,5.73, ,,
K3W,Accrual,843322,,,,,,,,,ACC,0, ,,
K3W,Accrual,732038,,,,,,,,,SCK,4, ,,
K3W,Accrual,732038,,,,,,,,,ACC,0, ,,
K3W,Accrual,787083,,,,,,,,,SCK,22.07, ,,
K3W,Accrual,787083,,,,,,,,,ACC,0, ,,
K3W,Accrual,840970,,,,,,,,,SCK,3.52, ,,
K3W,Accrual,840970,,,,,,,,,ACC,0, ,,
K3W,Accrual,575830,,,,,,,,,SCK,32, ,,
K3W,Accrual,575830,,,,,,,,,ACC,0, ,,
K3W,Accrual,827285,,,,,,,,,SCK,48, ,,
K3W,Accrual,827285,,,,,,,,,ACC,0, ,,
K3W,Accrual,742299,,,,,,,,,SCK,6, ,,
K3W,Accrual,742299,,,,,,,,,ACC,0, ,,
K3W,Accrual,737287,,,,,,,,,SCK,21.62, ,,
K3W,Accrual,737287,,,,,,,,,ACC,0, ,,
K3W,Accrual,845217,,,,,,,,,SCK,3.1, ,,
K3W,Accrual,845217,,,,,,,,,ACC,0, ,,
K3W,Accrual,840636,,,,,,,,,SCK,6.43, ,,
K3W,Accrual,840636,,,,,,,,,ACC,0, ,,
K3W,Accrual,817170,,,,,,,,,SCK,5, ,,
K3W,Accrual,817170,,,,,,,,,ACC,0, ,,
K3W,Accrual,830817,,,,,,,,,SCK,10.32, ,,
K3W,Accrual,830817,,,,,,,,,ACC,0, ,,
K3W,Accrual,736074,,,,,,,,,SCK,6, ,,
K3W,Accrual,736074,,,,,,,,,ACC,0, ,,
K3W,Accrual,730242,,,,,,,,,SCK,40, ,,
K3W,Accrual,730242,,,,,,,,,ACC,0, ,,
K3W,Accrual,844758,,,,,,,,,SCK,4.47, ,,
K3W,Accrual,844758,,,,,,,,,ACC,0, ,,
K3W,Accrual,794146,,,,,,,,,SCK,4.5, ,,
K3W,Accrual,794146,,,,,,,,,ACC,0, ,,
K3W,Accrual,722937,,,,,,,,,SCK,48, ,,
K3W,Accrual,722937,,,,,,,,,ACC,0, ,,
K3W,Accrual,791265,,,,,,,,,SCK,48, ,,
K3W,Accrual,791265,,,,,,,,,ACC,0, ,,
K3W,Accrual,831550,,,,,,,,,SCK,7.52, ,,
K3W,Accrual,831550,,,,,,,,,ACC,0, ,,
K3W,Accrual,807850,,,,,,,,,SCK,19, ,,
K3W,Accrual,807850,,,,,,,,,ACC,0, ,,
K3W,Accrual,735958,,,,,,,,,SCK,15, ,,
K3W,Accrual,735958,,,,,,,,,ACC,0, ,,
K3W,Accrual,734957,,,,,,,,,SCK,30, ,,
K3W,Accrual,734957,,,,,,,,,ACC,0, ,,
K3W,Accrual,574688,,,,,,,,,SCK,8, ,,
K3W,Accrual,574688,,,,,,,,,ACC,0, ,,
K3W,Accrual,839745,,,,,,,,,SCK,6.35, ,,
K3W,Accrual,839745,,,,,,,,,ACC,0, ,,
K3W,Accrual,829780,,,,,,,,,SCK,8.65, ,,
K3W,Accrual,829780,,,,,,,,,ACC,0, ,,
K3W,Accrual,791897,,,,,,,,,SCK,13, ,,
K3W,Accrual,791897,,,,,,,,,ACC,0, ,,
K3W,Accrual,808263,,,,,,,,,SCK,14.95, ,,
K3W,Accrual,808263,,,,,,,,,ACC,0, ,,
K3W,Accrual,795518,,,,,,,,,SCK,12, ,,
K3W,Accrual,795518,,,,,,,,,ACC,0, ,,
K3W,Accrual,830882,,,,,,,,,SCK,14.75, ,,
K3W,Accrual,830882,,,,,,,,,ACC,0, ,,
K3W,Accrual,726910,,,,,,,,,SCK,48, ,,
K3W,Accrual,726910,,,,,,,,,ACC,0, ,,
K3W,Accrual,829348,,,,,,,,,SCK,5.63, ,,
K3W,Accrual,829348,,,,,,,,,ACC,0, ,,
K3W,Accrual,811720,,,,,,,,,SCK,8, ,,
K3W,Accrual,811720,,,,,,,,,ACC,0, ,,
K3W,Accrual,760893,,,,,,,,,SCK,27.97, ,,
K3W,Accrual,760893,,,,,,,,,ACC,0, ,,
K3W,Accrual,562561,,,,,,,,,SCK,36, ,,
K3W,Accrual,562561,,,,,,,,,ACC,0, ,,
K3W,Accrual,833865,,,,,,,,,SCK,4.27, ,,
K3W,Accrual,833865,,,,,,,,,ACC,0, ,,
K3W,Accrual,837812,,,,,,,,,SCK,6.25, ,,
K3W,Accrual,837812,,,,,,,,,ACC,0, ,,
K3W,Accrual,846297,,,,,,,,,SCK,6.18, ,,
K3W,Accrual,846297,,,,,,,,,ACC,0, ,,
K3W,Accrual,837870,,,,,,,,,SCK,8.5, ,,
K3W,Accrual,837870,,,,,,,,,ACC,0, ,,
K3W,Accrual,833576,,,,,,,,,SCK,8, ,,
K3W,Accrual,833576,,,,,,,,,ACC,0, ,,
K3W,Accrual,839093,,,,,,,,,SCK,7.62, ,,
K3W,Accrual,839093,,,,,,,,,ACC,0, ,,
K3W,Accrual,747231,,,,,,,,,SCK,48, ,,
K3W,Accrual,747231,,,,,,,,,ACC,0, ,,
K3W,Accrual,727331,,,,,,,,,SCK,19, ,,
K3W,Accrual,727331,,,,,,,,,ACC,0, ,,
K3W,Accrual,841679,,,,,,,,,SCK,2.83, ,,
K3W,Accrual,841679,,,,,,,,,ACC,0, ,,
K3W,Accrual,828731,,,,,,,,,SCK,19, ,,
K3W,Accrual,828731,,,,,,,,,ACC,0, ,,
K3W,Accrual,801181,,,,,,,,,SCK,12, ,,
K3W,Accrual,801181,,,,,,,,,ACC,0, ,,
K3W,Accrual,772376,,,,,,,,,SCK,52, ,,
K3W,Accrual,772376,,,,,,,,,ACC,0, ,,
K3W,Accrual,778522,,,,,,,,,SCK,27, ,,
K3W,Accrual,778522,,,,,,,,,ACC,0, ,,
K3W,Accrual,755094,,,,,,,,,SCK,27, ,,
K3W,Accrual,755094,,,,,,,,,ACC,0, ,,
K3W,Accrual,800330,,,,,,,,,SCK,16, ,,
K3W,Accrual,800330,,,,,,,,,ACC,0, ,,
K3W,Accrual,737730,,,,,,,,,SCK,5, ,,
K3W,Accrual,737730,,,,,,,,,ACC,0, ,,
K3W,Accrual,794970,,,,,,,,,SCK,8, ,,
K3W,Accrual,794970,,,,,,,,,ACC,0, ,,
K3W,Accrual,795357,,,,,,,,,SCK,4, ,,
K3W,Accrual,795357,,,,,,,,,ACC,0, ,,
K3W,Accrual,838703,,,,,,,,,SCK,6.42, ,,
K3W,Accrual,838703,,,,,,,,,ACC,0, ,,
K3W,Accrual,760102,,,,,,,,,SCK,33.23, ,,
K3W,Accrual,760102,,,,,,,,,ACC,0, ,,
K3W,Accrual,712574,,,,,,,,,SCK,16, ,,
K3W,Accrual,712574,,,,,,,,,ACC,0, ,,
K3W,Accrual,762851,,,,,,,,,SCK,42, ,,
K3W,Accrual,762851,,,,,,,,,ACC,0, ,,
K3W,Accrual,546229,,,,,,,,,SCK,54, ,,
K3W,Accrual,546229,,,,,,,,,ACC,0, ,,
K3W,Accrual,754116,,,,,,,,,SCK,37, ,,
K3W,Accrual,754116,,,,,,,,,ACC,0, ,,
K3W,Accrual,712688,,,,,,,,,SCK,48, ,,
K3W,Accrual,712688,,,,,,,,,ACC,0, ,,
K3W,Accrual,706586,,,,,,,,,SCK,48, ,,
K3W,Accrual,706586,,,,,,,,,ACC,0, ,,
K3W,Accrual,736739,,,,,,,,,SCK,24, ,,
K3W,Accrual,736739,,,,,,,,,ACC,0, ,,
K3W,Accrual,847117,,,,,,,,,SCK,1.9, ,,
K3W,Accrual,847117,,,,,,,,,ACC,0, ,,
K3W,Accrual,749968,,,,,,,,,SCK,8, ,,
K3W,Accrual,749968,,,,,,,,,ACC,0, ,,
K3W,Accrual,793587,,,,,,,,,SCK,28, ,,
K3W,Accrual,793587,,,,,,,,,ACC,0, ,,
K3W,Accrual,840437,,,,,,,,,SCK,2.43, ,,
K3W,Accrual,840437,,,,,,,,,ACC,0, ,,
K3W,Accrual,789738,,,,,,,,,SCK,48, ,,
K3W,Accrual,789738,,,,,,,,,ACC,0, ,,
K3W,Accrual,846800,,,,,,,,,SCK,2.23, ,,
K3W,Accrual,846800,,,,,,,,,ACC,0, ,,
K3W,Accrual,834578,,,,,,,,,SCK,19.58, ,,
K3W,Accrual,834578,,,,,,,,,ACC,0, ,,
K3W,Accrual,752631,,,,,,,,,SCK,102, ,,
K3W,Accrual,752631,,,,,,,,,ACC,0, ,,
K3W,Accrual,837240,,,,,,,,,SCK,4.02, ,,
K3W,Accrual,837240,,,,,,,,,ACC,0, ,,
K3W,Accrual,753543,,,,,,,,,SCK,9, ,,
K3W,Accrual,753543,,,,,,,,,ACC,0, ,,
K3W,Accrual,840642,,,,,,,,,SCK,54, ,,
K3W,Accrual,840642,,,,,,,,,ACC,0, ,,
K3W,Accrual,784080,,,,,,,,,SCK,24, ,,
K3W,Accrual,784080,,,,,,,,,ACC,0, ,,
K3W,Accrual,820623,,,,,,,,,SCK,5, ,,
K3W,Accrual,820623,,,,,,,,,ACC,0, ,,
K3W,Accrual,845939,,,,,,,,,SCK,3, ,,
K3W,Accrual,845939,,,,,,,,,ACC,0, ,,
K3W,Accrual,705427,,,,,,,,,SCK,48, ,,
K3W,Accrual,705427,,,,,,,,,ACC,0, ,,
K3W,Accrual,799749,,,,,,,,,SCK,8, ,,
K3W,Accrual,799749,,,,,,,,,ACC,0, ,,
K3W,Accrual,846511,,,,,,,,,SCK,4.5, ,,
K3W,Accrual,846511,,,,,,,,,ACC,0, ,,
K3W,Accrual,743542,,,,,,,,,SCK,48, ,,
K3W,Accrual,743542,,,,,,,,,ACC,0, ,,
K3W,Accrual,800417,,,,,,,,,SCK,7, ,,
K3W,Accrual,800417,,,,,,,,,ACC,0, ,,
K3W,Accrual,840436,,,,,,,,,SCK,4.35, ,,
K3W,Accrual,840436,,,,,,,,,ACC,0, ,,
K3W,Accrual,736616,,,,,,,,,SCK,34.47, ,,
K3W,Accrual,736616,,,,,,,,,ACC,0, ,,
K3W,Accrual,781210,,,,,,,,,SCK,5, ,,
K3W,Accrual,781210,,,,,,,,,ACC,0, ,,
K3W,Accrual,840145,,,,,,,,,SCK,48, ,,
K3W,Accrual,840145,,,,,,,,,ACC,0, ,,
K3W,Accrual,777177,,,,,,,,,SCK,38, ,,
K3W,Accrual,777177,,,,,,,,,ACC,0, ,,
K3W,Accrual,791420,,,,,,,,,SCK,18, ,,
K3W,Accrual,791420,,,,,,,,,ACC,0, ,,
K3W,Accrual,831552,,,,,,,,,SCK,15, ,,
K3W,Accrual,831552,,,,,,,,,ACC,0, ,,
K3W,Accrual,829682,,,,,,,,,SCK,5, ,,
K3W,Accrual,829682,,,,,,,,,ACC,0, ,,
K3W,Accrual,734225,,,,,,,,,SCK,21.93, ,,
K3W,Accrual,734225,,,,,,,,,ACC,0, ,,
K3W,Accrual,594760,,,,,,,,,SCK,39, ,,
K3W,Accrual,594760,,,,,,,,,ACC,0, ,,
K3W,Accrual,768752,,,,,,,,,SCK,4, ,,
K3W,Accrual,768752,,,,,,,,,ACC,0, ,,
K3W,Accrual,817762,,,,,,,,,SCK,2.13, ,,
K3W,Accrual,817762,,,,,,,,,ACC,0, ,,
K3W,Accrual,790830,,,,,,,,,SCK,20.37, ,,
K3W,Accrual,790830,,,,,,,,,ACC,0, ,,
K3W,Accrual,825812,,,,,,,,,SCK,9, ,,
K3W,Accrual,825812,,,,,,,,,ACC,0, ,,
K3W,Accrual,811426,,,,,,,,,SCK,33.63, ,,
K3W,Accrual,811426,,,,,,,,,ACC,0, ,,
K3W,Accrual,837085,,,,,,,,,SCK,15.6, ,,
K3W,Accrual,837085,,,,,,,,,ACC,0, ,,
K3W,Accrual,845884,,,,,,,,,SCK,3.38, ,,
K3W,Accrual,845884,,,,,,,,,ACC,0, ,,
K3W,Accrual,845200,,,,,,,,,SCK,1.63, ,,
K3W,Accrual,845200,,,,,,,,,ACC,0, ,,
K3W,Accrual,836729,,,,,,,,,SCK,4, ,,
K3W,Accrual,836729,,,,,,,,,ACC,0, ,,
K3W,Accrual,666419,,,,,,,,,SCK,47, ,,
K3W,Accrual,666419,,,,,,,,,ACC,0, ,,
K3W,Accrual,753519,,,,,,,,,SCK,33.15, ,,
K3W,Accrual,753519,,,,,,,,,ACC,0, ,,
K3W,Accrual,777334,,,,,,,,,SCK,18, ,,
K3W,Accrual,777334,,,,,,,,,ACC,0, ,,
K3W,Accrual,821036,,,,,,,,,SCK,11.42, ,,
K3W,Accrual,821036,,,,,,,,,ACC,0, ,,
K3W,Accrual,845231,,,,,,,,,SCK,3.57, ,,
K3W,Accrual,845231,,,,,,,,,ACC,0, ,,
K3W,Accrual,807920,,,,,,,,,SCK,4, ,,
K3W,Accrual,807920,,,,,,,,,ACC,0, ,,
K3W,Accrual,801383,,,,,,,,,SCK,10, ,,
K3W,Accrual,801383,,,,,,,,,ACC,0, ,,
K3W,Accrual,792991,,,,,,,,,SCK,34, ,,
K3W,Accrual,792991,,,,,,,,,ACC,0, ,,
K3W,Accrual,724538,,,,,,,,,SCK,9, ,,
K3W,Accrual,724538,,,,,,,,,ACC,0, ,,
K3W,Accrual,709888,,,,,,,,,SCK,48, ,,
K3W,Accrual,709888,,,,,,,,,ACC,0, ,,
K3W,Accrual,845799,,,,,,,,,SCK,3.98, ,,
K3W,Accrual,845799,,,,,,,,,ACC,0, ,,
K3W,Accrual,805490,,,,,,,,,SCK,8, ,,
K3W,Accrual,805490,,,,,,,,,ACC,0, ,,
K3W,Accrual,836119,,,,,,,,,SCK,3.47, ,,
K3W,Accrual,836119,,,,,,,,,ACC,0, ,,
K3W,Accrual,809281,,,,,,,,,SCK,4, ,,
K3W,Accrual,809281,,,,,,,,,ACC,0, ,,
K3W,Accrual,738143,,,,,,,,,SCK,31, ,,
K3W,Accrual,738143,,,,,,,,,ACC,0, ,,
K3W,Accrual,796797,,,,,,,,,SCK,21.57, ,,
K3W,Accrual,796797,,,,,,,,,ACC,0, ,,
K3W,Accrual,821516,,,,,,,,,SCK,4, ,,
K3W,Accrual,821516,,,,,,,,,ACC,0, ,,
K3W,Accrual,797118,,,,,,,,,SCK,22, ,,
K3W,Accrual,797118,,,,,,,,,ACC,0, ,,
K3W,Accrual,732853,,,,,,,,,SCK,49, ,,
K3W,Accrual,732853,,,,,,,,,ACC,0, ,,
K3W,Accrual,814963,,,,,,,,,SCK,48, ,,
K3W,Accrual,814963,,,,,,,,,ACC,0, ,,
K3W,Accrual,517878,,,,,,,,,SCK,48, ,,
K3W,Accrual,517878,,,,,,,,,ACC,0, ,,
K3W,Accrual,587659,,,,,,,,,SCK,0, ,,
K3W,Accrual,587659,,,,,,,,,ACC,0, ,,
K3W,Accrual,793265,,,,,,,,,SCK,48, ,,
K3W,Accrual,793265,,,,,,,,,ACC,0, ,,
K3W,Accrual,839422,,,,,,,,,SCK,3.78, ,,
K3W,Accrual,839422,,,,,,,,,ACC,0, ,,
K3W,Accrual,824016,,,,,,,,,SCK,12.97, ,,
K3W,Accrual,824016,,,,,,,,,ACC,0, ,,
K3W,Accrual,781386,,,,,,,,,SCK,5, ,,
K3W,Accrual,781386,,,,,,,,,ACC,0, ,,
K3W,Accrual,725028,,,,,,,,,SCK,8, ,,
K3W,Accrual,725028,,,,,,,,,ACC,0, ,,
K3W,Accrual,832225,,,,,,,,,SCK,17.83, ,,
K3W,Accrual,832225,,,,,,,,,ACC,0, ,,
K3W,Accrual,845224,,,,,,,,,SCK,2.92, ,,
K3W,Accrual,845224,,,,,,,,,ACC,0, ,,
K3W,Accrual,837884,,,,,,,,,SCK,8.1, ,,
K3W,Accrual,837884,,,,,,,,,ACC,0, ,,
K3W,Accrual,796871,,,,,,,,,SCK,18.08, ,,
K3W,Accrual,796871,,,,,,,,,ACC,0, ,,
K3W,Accrual,774256,,,,,,,,,SCK,48, ,,
K3W,Accrual,774256,,,,,,,,,ACC,0, ,,
K3W,Accrual,789141,,,,,,,,,SCK,48, ,,
K3W,Accrual,789141,,,,,,,,,ACC,0, ,,
K3W,Accrual,756731,,,,,,,,,SCK,44, ,,
K3W,Accrual,756731,,,,,,,,,ACC,0, ,,
K3W,Accrual,841652,,,,,,,,,SCK,4.63, ,,
K3W,Accrual,841652,,,,,,,,,ACC,0, ,,
K3W,Accrual,790491,,,,,,,,,SCK,23.73, ,,
K3W,Accrual,790491,,,,,,,,,ACC,0, ,,
K3W,Accrual,791048,,,,,,,,,SCK,34, ,,
K3W,Accrual,791048,,,,,,,,,ACC,0, ,,
K3W,Accrual,844587,,,,,,,,,SCK,9.17, ,,
K3W,Accrual,844587,,,,,,,,,ACC,0, ,,
K3W,Accrual,760526,,,,,,,,,SCK,15, ,,
K3W,Accrual,760526,,,,,,,,,ACC,0, ,,
K3W,Accrual,840898,,,,,,,,,SCK,1.55, ,,
K3W,Accrual,840898,,,,,,,,,ACC,0, ,,
K3W,Accrual,845623,,,,,,,,,SCK,3.35, ,,
K3W,Accrual,845623,,,,,,,,,ACC,0, ,,
K3W,Accrual,835508,,,,,,,,,SCK,6.75, ,,
K3W,Accrual,835508,,,,,,,,,ACC,0, ,,
K3W,Accrual,840471,,,,,,,,,SCK,7.42, ,,
K3W,Accrual,840471,,,,,,,,,ACC,0, ,,
K3W,Accrual,552887,,,,,,,,,SCK,54, ,,
K3W,Accrual,552887,,,,,,,,,ACC,0, ,,
K3W,Accrual,840132,,,,,,,,,SCK,54, ,,
K3W,Accrual,840132,,,,,,,,,ACC,0, ,,
K3W,Accrual,819329,,,,,,,,,SCK,18.93, ,,
K3W,Accrual,819329,,,,,,,,,ACC,0, ,,
K3W,Accrual,799417,,,,,,,,,SCK,8, ,,
K3W,Accrual,799417,,,,,,,,,ACC,0, ,,
K3W,Accrual,839991,,,,,,,,,SCK,4.93, ,,
K3W,Accrual,839991,,,,,,,,,ACC,0, ,,
K3W,Accrual,799055,,,,,,,,,SCK,13.38, ,,
K3W,Accrual,799055,,,,,,,,,ACC,0, ,,
K3W,Accrual,798658,,,,,,,,,SCK,38, ,,
K3W,Accrual,798658,,,,,,,,,ACC,0, ,,
K3W,Accrual,804687,,,,,,,,,SCK,4, ,,
K3W,Accrual,804687,,,,,,,,,ACC,0, ,,
K3W,Accrual,705901,,,,,,,,,SCK,8, ,,
K3W,Accrual,705901,,,,,,,,,ACC,0, ,,
K3W,Accrual,719327,,,,,,,,,SCK,8, ,,
K3W,Accrual,719327,,,,,,,,,ACC,0, ,,
K3W,Accrual,800211,,,,,,,,,SCK,13.12, ,,
K3W,Accrual,800211,,,,,,,,,ACC,0, ,,
K3W,Accrual,737951,,,,,,,,,SCK,54, ,,
K3W,Accrual,737951,,,,,,,,,ACC,0, ,,
K3W,Accrual,779247,,,,,,,,,SCK,4, ,,
K3W,Accrual,779247,,,,,,,,,ACC,0, ,,
K3W,Accrual,510244,,,,,,,,,SCK,21, ,,
K3W,Accrual,510244,,,,,,,,,ACC,0, ,,
K3W,Accrual,806261,,,,,,,,,SCK,4, ,,
K3W,Accrual,806261,,,,,,,,,ACC,0, ,,
K3W,Accrual,802342,,,,,,,,,SCK,16.32, ,,
K3W,Accrual,802342,,,,,,,,,ACC,0, ,,
K3W,Accrual,758901,,,,,,,,,SCK,53, ,,
K3W,Accrual,758901,,,,,,,,,ACC,0, ,,
K3W,Accrual,840395,,,,,,,,,SCK,4.93, ,,
K3W,Accrual,840395,,,,,,,,,ACC,0, ,,
K3W,Accrual,838602,,,,,,,,,SCK,6.92, ,,
K3W,Accrual,838602,,,,,,,,,ACC,0, ,,
K3W,Accrual,837287,,,,,,,,,SCK,9, ,,
K3W,Accrual,837287,,,,,,,,,ACC,0, ,,
K3W,Accrual,823976,,,,,,,,,SCK,28.8, ,,
K3W,Accrual,823976,,,,,,,,,ACC,0, ,,
K3W,Accrual,799752,,,,,,,,,SCK,40.77, ,,
K3W,Accrual,799752,,,,,,,,,ACC,0, ,,
K3W,Accrual,736362,,,,,,,,,SCK,26.85, ,,
K3W,Accrual,736362,,,,,,,,,ACC,0, ,,
K3W,Accrual,845212,,,,,,,,,SCK,4, ,,
K3W,Accrual,845212,,,,,,,,,ACC,0, ,,
K3W,Accrual,819751,,,,,,,,,SCK,6.72, ,,
K3W,Accrual,819751,,,,,,,,,ACC,0, ,,
K3W,Accrual,602434,,,,,,,,,SCK,75, ,,
K3W,Accrual,602434,,,,,,,,,ACC,0, ,,
K3W,Accrual,799803,,,,,,,,,SCK,19.73, ,,
K3W,Accrual,799803,,,,,,,,,ACC,0, ,,
K3W,Accrual,830128,,,,,,,,,SCK,9.8, ,,
K3W,Accrual,830128,,,,,,,,,ACC,0, ,,
K3W,Accrual,826315,,,,,,,,,SCK,11.87, ,,
K3W,Accrual,826315,,,,,,,,,ACC,0, ,,
K3W,Accrual,748129,,,,,,,,,SCK,47.23, ,,
K3W,Accrual,748129,,,,,,,,,ACC,0, ,,
K3W,Accrual,797182,,,,,,,,,SCK,11.57, ,,
K3W,Accrual,797182,,,,,,,,,ACC,0, ,,
K3W,Accrual,773521,,,,,,,,,SCK,20, ,,
K3W,Accrual,773521,,,,,,,,,ACC,0, ,,
K3W,Accrual,798823,,,,,,,,,SCK,14, ,,
K3W,Accrual,798823,,,,,,,,,ACC,0, ,,
K3W,Accrual,798983,,,,,,,,,SCK,6, ,,
K3W,Accrual,798983,,,,,,,,,ACC,0, ,,
K3W,Accrual,400116,,,,,,,,,SCK,54, ,,
K3W,Accrual,400116,,,,,,,,,ACC,0, ,,
K3W,Accrual,623533,,,,,,,,,SCK,54, ,,
K3W,Accrual,623533,,,,,,,,,ACC,0, ,,
K3W,Accrual,840547,,,,,,,,,SCK,3.6, ,,
K3W,Accrual,840547,,,,,,,,,ACC,0, ,,
K3W,Accrual,840795,,,,,,,,,SCK,15, ,,
K3W,Accrual,840795,,,,,,,,,ACC,0, ,,
K3W,Accrual,843070,,,,,,,,,SCK,4.65, ,,
K3W,Accrual,843070,,,,,,,,,ACC,0, ,,
K3W,Accrual,808860,,,,,,,,,SCK,16, ,,
K3W,Accrual,808860,,,,,,,,,ACC,0, ,,
K3W,Accrual,786763,,,,,,,,,SCK,31, ,,
K3W,Accrual,786763,,,,,,,,,ACC,0, ,,
K3W,Accrual,795003,,,,,,,,,SCK,21.38, ,,
K3W,Accrual,795003,,,,,,,,,ACC,0, ,,
K3W,Accrual,828533,,,,,,,,,SCK,14.43, ,,
K3W,Accrual,828533,,,,,,,,,ACC,0, ,,
K3W,Accrual,624139,,,,,,,,,SCK,22, ,,
K3W,Accrual,624139,,,,,,,,,ACC,0, ,,
K3W,Accrual,831666,,,,,,,,,SCK,0, ,,
K3W,Accrual,831666,,,,,,,,,ACC,0, ,,
K3W,Accrual,796275,,,,,,,,,SCK,9.63, ,,
K3W,Accrual,796275,,,,,,,,,ACC,0, ,,
K3W,Accrual,845227,,,,,,,,,SCK,2.82, ,,
K3W,Accrual,845227,,,,,,,,,ACC,0, ,,
K3W,Accrual,834007,,,,,,,,,SCK,4.05, ,,
K3W,Accrual,834007,,,,,,,,,ACC,0, ,,
K3W,Accrual,786099,,,,,,,,,SCK,40.82, ,,
K3W,Accrual,786099,,,,,,,,,ACC,0, ,,
K3W,Accrual,808442,,,,,,,,,SCK,10.75, ,,
K3W,Accrual,808442,,,,,,,,,ACC,0, ,,
K3W,Accrual,794939,,,,,,,,,SCK,9.52, ,,
K3W,Accrual,794939,,,,,,,,,ACC,0, ,,
K3W,Accrual,738230,,,,,,,,,SCK,2, ,,
K3W,Accrual,738230,,,,,,,,,ACC,0, ,,
K3W,Accrual,794304,,,,,,,,,SCK,52, ,,
K3W,Accrual,794304,,,,,,,,,ACC,0, ,,
K3W,Accrual,840447,,,,,,,,,SCK,54, ,,
K3W,Accrual,840447,,,,,,,,,ACC,0, ,,
K3W,Accrual,789075,,,,,,,,,SCK,5, ,,
K3W,Accrual,789075,,,,,,,,,ACC,0, ,,
K3W,Accrual,739406,,,,,,,,,SCK,48, ,,
K3W,Accrual,739406,,,,,,,,,ACC,0, ,,
K3W,Accrual,845210,,,,,,,,,SCK,5.2, ,,
K3W,Accrual,845210,,,,,,,,,ACC,0, ,,
K3W,Accrual,845205,,,,,,,,,SCK,4.37, ,,
K3W,Accrual,845205,,,,,,,,,ACC,0, ,,
K3W,Accrual,820966,,,,,,,,,SCK,6, ,,
K3W,Accrual,820966,,,,,,,,,ACC,0, ,,
K3W,Accrual,799207,,,,,,,,,SCK,16.4, ,,
K3W,Accrual,799207,,,,,,,,,ACC,0, ,,
K3W,Accrual,795189,,,,,,,,,SCK,12, ,,
K3W,Accrual,795189,,,,,,,,,ACC,0, ,,
K3W,Accrual,840413,,,,,,,,,SCK,0, ,,
K3W,Accrual,840413,,,,,,,,,ACC,0, ,,
K3W,Accrual,800515,,,,,,,,,SCK,4, ,,
K3W,Accrual,800515,,,,,,,,,ACC,0, ,,
K3W,Accrual,802193,,,,,,,,,SCK,4, ,,
K3W,Accrual,802193,,,,,,,,,ACC,0, ,,
K3W,Accrual,840407,,,,,,,,,SCK,6.88, ,,
K3W,Accrual,840407,,,,,,,,,ACC,0, ,,
K3W,Accrual,836492,,,,,,,,,SCK,5.25, ,,
K3W,Accrual,836492,,,,,,,,,ACC,0, ,,
K3W,Accrual,845933,,,,,,,,,SCK,5.2, ,,
K3W,Accrual,845933,,,,,,,,,ACC,0, ,,
K3W,Accrual,767124,,,,,,,,,SCK,32, ,,
K3W,Accrual,767124,,,,,,,,,ACC,0, ,,
K3W,Accrual,838153,,,,,,,,,SCK,6.5, ,,
K3W,Accrual,838153,,,,,,,,,ACC,0, ,,
K3W,Accrual,824931,,,,,,,,,SCK,8, ,,
K3W,Accrual,824931,,,,,,,,,ACC,0, ,,
K3W,Accrual,713750,,,,,,,,,SCK,10, ,,
K3W,Accrual,713750,,,,,,,,,ACC,0, ,,
K3W,Accrual,782715,,,,,,,,,SCK,14, ,,
K3W,Accrual,782715,,,,,,,,,ACC,0, ,,
K3W,Accrual,845029,,,,,,,,,SCK,5.3, ,,
K3W,Accrual,845029,,,,,,,,,ACC,0, ,,
K3W,Accrual,714150,,,,,,,,,SCK,20, ,,
K3W,Accrual,714150,,,,,,,,,ACC,0, ,,
K3W,Accrual,824062,,,,,,,,,SCK,6, ,,
K3W,Accrual,824062,,,,,,,,,ACC,0, ,,
K3W,Accrual,729390,,,,,,,,,SCK,22, ,,
K3W,Accrual,729390,,,,,,,,,ACC,0, ,,
K3W,Accrual,793327,,,,,,,,,SCK,48, ,,
K3W,Accrual,793327,,,,,,,,,ACC,0, ,,
K3W,Accrual,811014,,,,,,,,,SCK,25.5, ,,
K3W,Accrual,811014,,,,,,,,,ACC,0, ,,
K3W,Accrual,838152,,,,,,,,,SCK,8.97, ,,
K3W,Accrual,838152,,,,,,,,,ACC,0, ,,
K3W,Accrual,840545,,,,,,,,,SCK,3.6, ,,
K3W,Accrual,840545,,,,,,,,,ACC,0, ,,
K3W,Accrual,799067,,,,,,,,,SCK,24.13, ,,
K3W,Accrual,799067,,,,,,,,,ACC,0, ,,
K3W,Accrual,810092,,,,,,,,,SCK,19.45, ,,
K3W,Accrual,810092,,,,,,,,,ACC,0, ,,
K3W,Accrual,831642,,,,,,,,,SCK,10.78, ,,
K3W,Accrual,831642,,,,,,,,,ACC,0, ,,
K3W,Accrual,616203,,,,,,,,,SCK,35, ,,
K3W,Accrual,616203,,,,,,,,,ACC,0, ,,
K3W,Accrual,738232,,,,,,,,,SCK,19, ,,
K3W,Accrual,738232,,,,,,,,,ACC,0, ,,
K3W,Accrual,840469,,,,,,,,,SCK,3.5, ,,
K3W,Accrual,840469,,,,,,,,,ACC,0, ,,
K3W,Accrual,743609,,,,,,,,,SCK,24, ,,
K3W,Accrual,743609,,,,,,,,,ACC,0, ,,
K3W,Accrual,833631,,,,,,,,,SCK,8, ,,
K3W,Accrual,833631,,,,,,,,,ACC,0, ,,
K3W,Accrual,844235,,,,,,,,,SCK,5.03, ,,
K3W,Accrual,844235,,,,,,,,,ACC,0, ,,
K3W,Accrual,563019,,,,,,,,,SCK,4, ,,
K3W,Accrual,563019,,,,,,,,,ACC,0, ,,
K3W,Accrual,701168,,,,,,,,,SCK,28, ,,
K3W,Accrual,701168,,,,,,,,,ACC,0, ,,
K3W,Accrual,801566,,,,,,,,,SCK,28.33, ,,
K3W,Accrual,801566,,,,,,,,,ACC,0, ,,
K3W,Accrual,720750,,,,,,,,,SCK,20, ,,
K3W,Accrual,720750,,,,,,,,,ACC,0, ,,
K3W,Accrual,544906,,,,,,,,,SCK,54, ,,
K3W,Accrual,544906,,,,,,,,,ACC,0, ,,
K3W,Accrual,781390,,,,,,,,,SCK,20, ,,
K3W,Accrual,781390,,,,,,,,,ACC,0, ,,
K3W,Accrual,786645,,,,,,,,,SCK,26.52, ,,
K3W,Accrual,786645,,,,,,,,,ACC,0, ,,
K3W,Accrual,823423,,,,,,,,,SCK,54, ,,
K3W,Accrual,823423,,,,,,,,,ACC,0, ,,
K3W,Accrual,801371,,,,,,,,,SCK,4, ,,
K3W,Accrual,801371,,,,,,,,,ACC,0, ,,
K3W,Accrual,840950,,,,,,,,,SCK,6.5, ,,
K3W,Accrual,840950,,,,,,,,,ACC,0, ,,
K3W,Accrual,800409,,,,,,,,,SCK,15, ,,
K3W,Accrual,800409,,,,,,,,,ACC,0, ,,
K3W,Accrual,790311,,,,,,,,,SCK,14, ,,
K3W,Accrual,790311,,,,,,,,,ACC,0, ,,
K3W,Accrual,622206,,,,,,,,,SCK,9, ,,
K3W,Accrual,622206,,,,,,,,,ACC,0, ,,
K3W,Accrual,754730,,,,,,,,,SCK,26.22, ,,
K3W,Accrual,754730,,,,,,,,,ACC,0, ,,
K3W,Accrual,837308,,,,,,,,,SCK,7.85, ,,
K3W,Accrual,837308,,,,,,,,,ACC,0, ,,
K3W,Accrual,834760,,,,,,,,,SCK,54, ,,
K3W,Accrual,834760,,,,,,,,,ACC,0, ,,
K3W,Accrual,775896,,,,,,,,,SCK,29, ,,
K3W,Accrual,775896,,,,,,,,,ACC,0, ,,
K3W,Accrual,845211,,,,,,,,,SCK,9.02, ,,
K3W,Accrual,845211,,,,,,,,,ACC,0, ,,
K3W,Accrual,836807,,,,,,,,,SCK,14.98, ,,
K3W,Accrual,836807,,,,,,,,,ACC,0, ,,
K3W,Accrual,834644,,,,,,,,,SCK,11.1, ,,
K3W,Accrual,834644,,,,,,,,,ACC,0, ,,
K3W,Accrual,817929,,,,,,,,,SCK,12, ,,
K3W,Accrual,817929,,,,,,,,,ACC,0, ,,
K3W,Accrual,832142,,,,,,,,,SCK,8, ,,
K3W,Accrual,832142,,,,,,,,,ACC,0, ,,
K3W,Accrual,772204,,,,,,,,,SCK,35, ,,
K3W,Accrual,772204,,,,,,,,,ACC,0, ,,
K3W,Accrual,724036,,,,,,,,,SCK,31, ,,
K3W,Accrual,724036,,,,,,,,,ACC,0, ,,
K3W,Accrual,745549,,,,,,,,,SCK,36, ,,
K3W,Accrual,745549,,,,,,,,,ACC,0, ,,
K3W,Accrual,798663,,,,,,,,,SCK,8, ,,
K3W,Accrual,798663,,,,,,,,,ACC,0, ,,
K3W,Accrual,730144,,,,,,,,,SCK,11, ,,
K3W,Accrual,730144,,,,,,,,,ACC,0, ,,
K3W,Accrual,840365,,,,,,,,,SCK,3.6, ,,
K3W,Accrual,840365,,,,,,,,,ACC,0, ,,
K3W,Accrual,780389,,,,,,,,,SCK,11, ,,
K3W,Accrual,780389,,,,,,,,,ACC,0, ,,
K3W,Accrual,836959,,,,,,,,,SCK,5.38, ,,
K3W,Accrual,836959,,,,,,,,,ACC,0, ,,
K3W,Accrual,779615,,,,,,,,,SCK,8, ,,
K3W,Accrual,779615,,,,,,,,,ACC,0, ,,
K3W,Accrual,798652,,,,,,,,,SCK,23.53, ,,
K3W,Accrual,798652,,,,,,,,,ACC,0, ,,
K3W,Accrual,755395,,,,,,,,,SCK,22, ,,
K3W,Accrual,755395,,,,,,,,,ACC,0, ,,
K3W,Accrual,795536,,,,,,,,,SCK,4, ,,
K3W,Accrual,795536,,,,,,,,,ACC,0, ,,
K3W,Accrual,807946,,,,,,,,,SCK,24.7, ,,
K3W,Accrual,807946,,,,,,,,,ACC,0, ,,
K3W,Accrual,800996,,,,,,,,,SCK,4, ,,
K3W,Accrual,800996,,,,,,,,,ACC,0, ,,
K3W,Accrual,847115,,,,,,,,,SCK,1.37, ,,
K3W,Accrual,847115,,,,,,,,,ACC,0, ,,
K3W,Accrual,823979,,,,,,,,,SCK,17, ,,
K3W,Accrual,823979,,,,,,,,,ACC,0, ,,
K3W,Accrual,580247,,,,,,,,,SCK,48, ,,
K3W,Accrual,580247,,,,,,,,,ACC,0, ,,
K3W,Accrual,837251,,,,,,,,,SCK,7.13, ,,
K3W,Accrual,837251,,,,,,,,,ACC,0, ,,
K3W,Accrual,829637,,,,,,,,,SCK,5.67, ,,
K3W,Accrual,829637,,,,,,,,,ACC,0, ,,
K3W,Accrual,843215,,,,,,,,,SCK,6.57, ,,
K3W,Accrual,843215,,,,,,,,,ACC,0, ,,
K3W,Accrual,781441,,,,,,,,,SCK,27.67, ,,
K3W,Accrual,781441,,,,,,,,,ACC,0, ,,
K3W,Accrual,779190,,,,,,,,,SCK,39.82, ,,
K3W,Accrual,779190,,,,,,,,,ACC,0, ,,
K3W,Accrual,842244,,,,,,,,,SCK,48, ,,
K3W,Accrual,842244,,,,,,,,,ACC,0, ,,
K3W,Accrual,847114,,,,,,,,,SCK,2.22, ,,
K3W,Accrual,847114,,,,,,,,,ACC,0, ,,
K3W,Accrual,752930,,,,,,,,,SCK,14, ,,
K3W,Accrual,752930,,,,,,,,,ACC,0, ,,
K3W,Accrual,746455,,,,,,,,,SCK,15.95, ,,
K3W,Accrual,746455,,,,,,,,,ACC,0, ,,
K3W,Accrual,774427,,,,,,,,,SCK,24, ,,
K3W,Accrual,774427,,,,,,,,,ACC,0, ,,
K3W,Accrual,830059,,,,,,,,,SCK,8, ,,
K3W,Accrual,830059,,,,,,,,,ACC,0, ,,
K3W,Accrual,774662,,,,,,,,,SCK,12, ,,
K3W,Accrual,774662,,,,,,,,,ACC,0, ,,
K3W,Accrual,766072,,,,,,,,,SCK,0, ,,
K3W,Accrual,766072,,,,,,,,,ACC,0, ,,
K3W,Accrual,831901,,,,,,,,,SCK,9.8, ,,
K3W,Accrual,831901,,,,,,,,,ACC,0, ,,
K3W,Accrual,781320,,,,,,,,,SCK,7, ,,
K3W,Accrual,781320,,,,,,,,,ACC,0, ,,
K3W,Accrual,765307,,,,,,,,,SCK,4, ,,
K3W,Accrual,765307,,,,,,,,,ACC,0, ,,
K3W,Accrual,757599,,,,,,,,,SCK,36.35, ,,
K3W,Accrual,757599,,,,,,,,,ACC,0, ,,
K3W,Accrual,586812,,,,,,,,,SCK,48, ,,
K3W,Accrual,586812,,,,,,,,,ACC,0, ,,
K3W,Accrual,665332,,,,,,,,,SCK,0, ,,
K3W,Accrual,665332,,,,,,,,,ACC,0, ,,
K3W,Accrual,833735,,,,,,,,,SCK,4, ,,
K3W,Accrual,833735,,,,,,,,,ACC,0, ,,
K3W,Accrual,814058,,,,,,,,,SCK,17, ,,
K3W,Accrual,814058,,,,,,,,,ACC,0, ,,
K3W,Accrual,728830,,,,,,,,,SCK,17, ,,
K3W,Accrual,728830,,,,,,,,,ACC,0, ,,
K3W,Accrual,813047,,,,,,,,,SCK,17.47, ,,
K3W,Accrual,813047,,,,,,,,,ACC,0, ,,
K3W,Accrual,799527,,,,,,,,,SCK,4, ,,
K3W,Accrual,799527,,,,,,,,,ACC,0, ,,
K3W,Accrual,597898,,,,,,,,,SCK,4, ,,
K3W,Accrual,597898,,,,,,,,,ACC,0, ,,
K3W,Accrual,795496,,,,,,,,,SCK,9.58, ,,
K3W,Accrual,795496,,,,,,,,,ACC,0, ,,
K3W,Accrual,828400,,,,,,,,,SCK,13, ,,
K3W,Accrual,828400,,,,,,,,,ACC,0, ,,
K3W,Accrual,601687,,,,,,,,,SCK,48, ,,
K3W,Accrual,601687,,,,,,,,,ACC,0, ,,
K3W,Accrual,824451,,,,,,,,,SCK,16, ,,
K3W,Accrual,824451,,,,,,,,,ACC,0, ,,
K3W,Accrual,841522,,,,,,,,,SCK,7.68, ,,
K3W,Accrual,841522,,,,,,,,,ACC,0, ,,
K3W,Accrual,744134,,,,,,,,,SCK,2.5, ,,
K3W,Accrual,744134,,,,,,,,,ACC,0, ,,
K3W,Accrual,747286,,,,,,,,,SCK,9, ,,
K3W,Accrual,747286,,,,,,,,,ACC,0, ,,
K3W,Accrual,844063,,,,,,,,,SCK,48, ,,
K3W,Accrual,844063,,,,,,,,,ACC,0, ,,
K3W,Accrual,773757,,,,,,,,,SCK,5, ,,
K3W,Accrual,773757,,,,,,,,,ACC,0, ,,
K3W,Accrual,813360,,,,,,,,,SCK,11.83, ,,
K3W,Accrual,813360,,,,,,,,,ACC,0, ,,
K3W,Accrual,840403,,,,,,,,,SCK,7.15, ,,
K3W,Accrual,840403,,,,,,,,,ACC,0, ,,
K3W,Accrual,710195,,,,,,,,,SCK,19, ,,
K3W,Accrual,710195,,,,,,,,,ACC,0, ,,
K3W,Accrual,801589,,,,,,,,,SCK,26.12, ,,
K3W,Accrual,801589,,,,,,,,,ACC,0, ,,
K3W,Accrual,803841,,,,,,,,,SCK,20, ,,
K3W,Accrual,803841,,,,,,,,,ACC,0, ,,
K3W,Accrual,838367,,,,,,,,,SCK,4.72, ,,
K3W,Accrual,838367,,,,,,,,,ACC,0, ,,
K3W,Accrual,839417,,,,,,,,,SCK,21, ,,
K3W,Accrual,839417,,,,,,,,,ACC,0, ,,
K3W,Accrual,790047,,,,,,,,,SCK,42, ,,
K3W,Accrual,790047,,,,,,,,,ACC,0, ,,
K3W,Accrual,837407,,,,,,,,,SCK,15.65, ,,
K3W,Accrual,837407,,,,,,,,,ACC,0, ,,
K3W,Accrual,811121,,,,,,,,,SCK,22.12, ,,
K3W,Accrual,811121,,,,,,,,,ACC,0, ,,
K3W,Accrual,799758,,,,,,,,,SCK,15.83, ,,
K3W,Accrual,799758,,,,,,,,,ACC,0, ,,
K3W,Accrual,836365,,,,,,,,,SCK,6, ,,
K3W,Accrual,836365,,,,,,,,,ACC,0, ,,
K3W,Accrual,721051,,,,,,,,,SCK,10, ,,
K3W,Accrual,721051,,,,,,,,,ACC,0, ,,
K3W,Accrual,598861,,,,,,,,,SCK,24, ,,
K3W,Accrual,598861,,,,,,,,,ACC,0, ,,
K3W,Accrual,839503,,,,,,,,,SCK,3.85, ,,
K3W,Accrual,839503,,,,,,,,,ACC,0, ,,
K3W,Accrual,793932,,,,,,,,,SCK,4, ,,
K3W,Accrual,793932,,,,,,,,,ACC,0, ,,
K3W,Accrual,837024,,,,,,,,,SCK,11.25, ,,
K3W,Accrual,837024,,,,,,,,,ACC,0, ,,
K3W,Accrual,820433,,,,,,,,,SCK,4, ,,
K3W,Accrual,820433,,,,,,,,,ACC,0, ,,
K3W,Accrual,843841,,,,,,,,,SCK,12.9, ,,
K3W,Accrual,843841,,,,,,,,,ACC,0, ,,
K3W,Accrual,832845,,,,,,,,,SCK,9.65, ,,
K3W,Accrual,832845,,,,,,,,,ACC,0, ,,
K3W,Accrual,749894,,,,,,,,,SCK,4, ,,
K3W,Accrual,749894,,,,,,,,,ACC,0, ,,
K3W,Accrual,782619,,,,,,,,,SCK,10, ,,
K3W,Accrual,782619,,,,,,,,,ACC,0, ,,
K3W,Accrual,837254,,,,,,,,,SCK,9.38, ,,
K3W,Accrual,837254,,,,,,,,,ACC,0, ,,
K3W,Accrual,763303,,,,,,,,,SCK,28, ,,
K3W,Accrual,763303,,,,,,,,,ACC,0, ,,
K3W,Accrual,842893,,,,,,,,,SCK,54, ,,
K3W,Accrual,842893,,,,,,,,,ACC,0, ,,
K3W,Accrual,824834,,,,,,,,,SCK,4, ,,
K3W,Accrual,824834,,,,,,,,,ACC,0, ,,
K3W,Accrual,744267,,,,,,,,,SCK,8, ,,
K3W,Accrual,744267,,,,,,,,,ACC,0, ,,
K3W,Accrual,552355,,,,,,,,,SCK,34, ,,
K3W,Accrual,552355,,,,,,,,,ACC,0, ,,
K3W,Accrual,717138,,,,,,,,,SCK,16, ,,
K3W,Accrual,717138,,,,,,,,,ACC,0, ,,
K3W,Accrual,716533,,,,,,,,,SCK,23.82, ,,
K3W,Accrual,716533,,,,,,,,,ACC,0, ,,
K3W,Accrual,515147,,,,,,,,,SCK,8, ,,
K3W,Accrual,515147,,,,,,,,,ACC,0, ,,
K3W,Accrual,796506,,,,,,,,,SCK,23, ,,
K3W,Accrual,796506,,,,,,,,,ACC,0, ,,
K3W,Accrual,839051,,,,,,,,,SCK,8.12, ,,
K3W,Accrual,839051,,,,,,,,,ACC,0, ,,
K3W,Accrual,771237,,,,,,,,,SCK,3, ,,
K3W,Accrual,771237,,,,,,,,,ACC,0, ,,
K3W,Accrual,799717,,,,,,,,,SCK,16.88, ,,
K3W,Accrual,799717,,,,,,,,,ACC,0, ,,
K3W,Accrual,564751,,,,,,,,,SCK,102, ,,
K3W,Accrual,564751,,,,,,,,,ACC,0, ,,
K3W,Accrual,784584,,,,,,,,,SCK,32, ,,
K3W,Accrual,784584,,,,,,,,,ACC,0, ,,
K3W,Accrual,810007,,,,,,,,,SCK,43, ,,
K3W,Accrual,810007,,,,,,,,,ACC,0, ,,
K3W,Accrual,794765,,,,,,,,,SCK,8, ,,
K3W,Accrual,794765,,,,,,,,,ACC,0, ,,
K3W,Accrual,836370,,,,,,,,,SCK,9.82, ,,
K3W,Accrual,836370,,,,,,,,,ACC,0, ,,
